Date UTC,co (µg/m³),no2 (µg/m³),pm10 (µg/m³),pm25 (µg/m³),temp,dwpt,rhum,prcp,snow,wdir,wspd,wpgt,pres,tsun,coco
2024-12-31 17:00:00,1935.0,75.2,124.0,85.9,,,,,,,,,,,
2024-12-31 21:00:00,1520.0,58.599999999999994,128.0,88.6,,,,,,,,,,,
2024-12-31 23:00:00,1635.0,56.449999999999996,158.5,109.4,,,,,,,,,,,
2025-01-01 00:00:00,1560.0,59.95,162.5,112.2,12.0,11.1,94.0,0.0,,0.0,0.0,,1019.0,,5.0
2025-01-01 01:00:00,1295.0,62.449999999999996,147.5,106.6,14.0,13.0,94.0,0.0,,100.0,5.4,,1020.0,,5.0
2025-01-01 02:00:00,1245.0,57.5,129.0,105.1,17.0,12.9,77.0,0.0,,80.0,5.4,,1020.0,,5.0
2025-01-01 03:00:00,1295.0,50.5,114.0,91.75,19.0,12.0,64.0,0.0,,80.0,7.6,,1020.0,,5.0
2025-01-01 04:00:00,1145.0,37.55,88.35,72.05,21.0,12.9,60.0,0.0,,90.0,7.6,,1019.0,,5.0
2025-01-01 05:00:00,1100.0,43.150000000000006,75.75,61.95,23.0,11.1,47.0,0.0,,337.0,7.6,,1017.0,,5.0
2025-01-01 06:00:00,1188.5,48.55,78.19999999999999,64.05,23.0,11.1,47.0,0.0,,277.0,5.4,,1016.0,,2.0
2025-01-01 07:00:00,993.0,44.95,66.25,54.1,25.0,11.9,44.0,0.0,,140.0,3.6,,1015.0,,2.0
2025-01-01 08:00:00,1215.0,54.25,57.3,46.55,24.0,12.0,47.0,0.0,,322.0,5.4,,1014.0,,2.0
2025-01-01 09:00:00,1330.0,65.85,51.2,40.75,24.0,11.0,44.0,0.0,,200.0,5.4,,1014.0,,2.0
2025-01-01 10:00:00,2295.0,89.35,69.55,55.95,23.0,12.0,50.0,0.0,,180.0,5.4,,1014.0,,5.0
2025-01-01 11:00:00,3250.0,132.05,100.3,80.05000000000001,22.0,12.0,53.0,0.0,,170.0,5.4,,1015.0,,1.0
2025-01-01 12:00:00,1540.0,77.15,130.0,101.8,19.0,13.0,68.0,0.0,,342.0,3.6,,1015.0,,5.0
2025-01-01 13:00:00,1269.5,70.05,127.0,93.75,18.0,13.1,73.0,0.0,,150.0,3.6,,1016.0,,5.0
2025-01-01 14:00:00,1093.5,65.8,140.5,100.5,19.0,14.1,73.0,0.0,,140.0,13.0,,1017.0,,5.0
2025-01-01 15:00:00,1045.0,55.15,143.5,99.45,18.0,14.1,78.0,0.0,,120.0,11.2,,1017.0,,5.0
2025-01-01 16:00:00,841.5,40.85,138.5,96.1,17.0,14.1,83.0,0.0,,100.0,7.6,,1017.0,,5.0
2025-01-01 17:00:00,745.5,37.75,135.0,93.3,16.0,14.0,88.0,0.0,,80.0,7.6,,1017.0,,5.0
2025-01-01 18:00:00,773.5,62.5,123.5,85.35,16.0,14.0,88.0,0.0,,90.0,7.6,,1018.0,,5.0
2025-01-01 19:00:00,776.5,68.4,119.5,82.8,16.0,15.0,94.0,0.0,,60.0,7.6,,1018.0,,5.0
2025-01-01 20:00:00,676.5,55.150000000000006,118.5,82.30000000000001,16.0,14.0,88.0,0.0,,70.0,3.6,,1018.0,,5.0
2025-01-01 21:00:00,904.0,60.25,159.5,110.5,15.0,14.0,94.0,0.0,,100.0,5.4,,1018.0,,5.0
2025-01-01 22:00:00,1056.5,54.7,204.0,141.0,16.0,14.0,88.0,0.0,,133.0,3.6,,1018.0,,5.0
2025-01-01 23:00:00,1083.0,54.3,165.5,114.5,15.0,14.0,94.0,0.0,,0.0,0.0,,1018.0,,5.0
2025-01-02 00:00:00,1635.0,61.5,161.5,111.5,14.0,13.0,94.0,0.0,,90.0,7.6,,1019.0,,5.0
2025-01-02 01:00:00,1920.0,68.65,169.5,119.5,17.0,15.0,88.0,0.0,,70.0,7.6,,1020.0,,5.0
2025-01-02 02:00:00,1615.0,52.599999999999994,166.0,128.5,20.0,15.0,73.0,0.0,,70.0,9.4,,1021.0,,5.0
2025-01-02 03:00:00,1280.0,45.1,110.0,88.6,21.0,12.9,60.0,0.0,,40.0,9.4,,1021.0,,5.0
2025-01-02 04:00:00,1180.0,42.55,70.15,56.35,22.0,12.0,53.0,0.0,,30.0,5.4,,1020.0,,5.0
2025-01-02 05:00:00,1014.5,42.0,58.35,47.3,23.0,11.1,47.0,0.0,,140.0,5.4,,1018.0,,2.0
2025-01-02 06:00:00,976.5,43.3,62.35,50.05,24.0,11.0,44.0,0.0,,340.0,3.6,,1017.0,,5.0
2025-01-02 07:00:00,1085.0,44.5,61.2,49.650000000000006,24.0,12.9,50.0,0.0,,300.0,7.6,,1017.0,,5.0
2025-01-02 08:00:00,1315.0,53.75,73.65,59.2,23.0,12.9,53.0,0.0,,290.0,9.4,,1016.0,,5.0
2025-01-02 09:00:00,2120.0,78.55,101.55,80.15,23.0,12.9,53.0,0.0,,290.0,5.4,,1016.0,,5.0
2025-01-02 10:00:00,3450.0,107.85,132.0,105.25,23.0,12.9,53.0,0.0,,290.0,7.6,,1017.0,,5.0
2025-01-02 11:00:00,4125.0,125.3,135.0,107.9,21.0,12.9,60.0,0.0,,310.0,7.6,,1017.0,,5.0
2025-01-02 12:00:00,3530.0,131.15,140.0,113.5,20.0,13.0,64.0,0.0,,340.0,5.4,,1018.0,,5.0
2025-01-02 13:00:00,3500.0,132.9,144.0,113.5,19.0,14.1,73.0,0.0,,320.0,5.4,,1019.0,,5.0
2025-01-02 14:00:00,2110.0,135.9,174.0,136.0,20.0,13.9,68.0,0.0,,310.0,3.6,,1020.0,,5.0
2025-01-02 15:00:00,1265.0,76.65,115.0,88.75,20.0,13.0,64.0,0.0,,120.0,13.0,,1020.0,,5.0
2025-01-02 16:00:00,1655.0,69.1,99.0,73.25,20.0,13.0,64.0,0.0,,110.0,9.4,,1020.0,,5.0
2025-01-02 17:00:00,1630.0,62.55,111.5,80.9,20.0,13.9,68.0,0.0,,130.0,5.4,,1021.0,,5.0
2025-01-02 18:00:00,2035.0,71.8,117.5,87.25,20.0,13.9,68.0,0.0,,130.0,5.4,,1020.0,,3.0
2025-01-02 19:00:00,2000.0,82.05,119.0,83.25,18.0,15.1,83.0,0.0,,360.0,5.4,,1020.0,,5.0
2025-01-02 20:00:00,2225.0,75.85,116.0,80.65,17.0,14.1,83.0,0.0,,50.0,1.8,,1020.0,,5.0
2025-01-02 21:00:00,1630.0,80.45,117.5,81.25,16.0,14.0,88.0,0.0,,90.0,1.8,,1020.0,,5.0
2025-01-02 22:00:00,1505.0,76.6,129.0,89.35,15.0,14.0,94.0,0.0,,189.0,1.8,,1021.0,,5.0
2025-01-02 23:00:00,1950.0,70.4,162.5,112.5,15.0,13.0,88.0,0.0,,330.0,5.4,,1021.0,,5.0
2025-01-03 00:00:00,2270.0,71.85,170.0,117.5,15.0,13.0,88.0,0.0,,86.0,3.6,,1022.0,,5.0
2025-01-03 01:00:00,2255.0,87.25,164.0,118.0,16.0,14.0,88.0,0.0,,0.0,0.0,,1023.0,,5.0
2025-01-03 02:00:00,1695.0,92.45,155.0,120.5,19.0,15.1,78.0,0.0,,54.0,3.6,,1023.0,,5.0
2025-01-03 03:00:00,1310.0,54.4,87.8,68.75,22.0,14.1,61.0,0.0,,20.0,5.4,,1023.0,,5.0
2025-01-03 04:00:00,1210.0,45.95,62.45,50.7,24.0,12.0,47.0,0.0,,40.0,13.0,,1022.0,,2.0
2025-01-03 05:00:00,1032.0,46.5,53.349999999999994,43.55,24.0,11.0,44.0,0.0,,20.0,11.2,,1021.0,,2.0
2025-01-03 06:00:00,941.5,42.15,45.95,37.15,26.0,10.2,37.0,0.0,,40.0,7.6,,1019.0,,2.0
2025-01-03 07:00:00,1110.0,48.3,43.0,32.65,26.0,10.2,37.0,0.0,,350.0,9.4,,1018.0,,2.0
2025-01-03 08:00:00,957.5,43.0,40.1,30.8,26.0,8.9,34.0,0.0,,30.0,9.4,,1017.0,,2.0
2025-01-03 09:00:00,1600.0,59.400000000000006,46.4,34.85,26.0,10.2,37.0,0.0,,20.0,7.6,,1017.0,,2.0
2025-01-03 10:00:00,3545.0,100.25,58.900000000000006,52.36666666666667,25.0,8.9,36.0,0.0,,100.0,3.6,,1017.0,,2.0
2025-01-03 11:00:00,6905.0,154.6,74.1,62.199999999999996,22.0,10.2,47.0,0.0,,0.0,0.0,,1017.0,,1.0
2025-01-03 12:00:00,7725.0,170.65,82.25,93.06666666666666,22.0,11.1,50.0,0.0,,320.0,3.6,,1018.0,,1.0
2025-01-03 13:00:00,1023.0,72.15,81.3,94.0,19.0,12.0,64.0,0.0,,17.0,3.6,,1018.0,,5.0
2025-01-03 14:00:00,904.0,75.8,66.9,67.53333333333333,19.0,12.0,64.0,0.0,,120.0,13.0,,1019.0,,1.0
2025-01-03 15:00:00,807.0,56.7,66.55000000000001,61.36666666666667,19.0,11.1,60.0,0.0,,160.0,11.2,,1019.0,,1.0
2025-01-03 16:00:00,720.5,60.0,57.55,56.13333333333333,18.0,11.1,64.0,0.0,,150.0,9.4,,1019.0,,1.0
2025-01-03 17:00:00,578.5,53.5,49.95,49.833333333333336,17.0,11.1,68.0,0.0,,100.0,5.4,,1019.0,,2.0
2025-01-03 18:00:00,1060.0,51.05,53.45,48.13333333333333,16.0,12.0,77.0,0.0,,40.0,5.4,,1019.0,,2.0
2025-01-03 19:00:00,2390.0,52.3,59.9,56.06666666666666,16.0,12.0,77.0,0.0,,8.0,3.6,,1018.0,,2.0
2025-01-03 20:00:00,2465.0,41.199999999999996,59.25,63.43333333333334,14.0,11.0,82.0,0.0,,70.0,3.6,,1018.0,,5.0
2025-01-03 21:00:00,2240.0,55.25,61.55,61.0,14.0,12.0,88.0,0.0,,0.0,0.0,,1018.0,,5.0
2025-01-03 22:00:00,1090.0,76.55,88.4,72.10000000000001,13.0,11.1,88.0,0.0,,110.0,3.6,,1019.0,,5.0
2025-01-03 23:00:00,1190.0,74.35,114.5,85.23333333333333,14.0,12.0,88.0,0.0,,90.0,5.4,,1020.0,,5.0
2025-01-04 00:00:00,1425.0,72.75,132.5,111.8,14.0,12.0,88.0,0.0,,70.0,5.4,,1021.0,,5.0
2025-01-04 01:00:00,1410.0,75.3,143.0,128.0,16.0,12.9,82.0,0.0,,80.0,5.4,,1021.0,,5.0
2025-01-04 02:00:00,1430.0,73.4,131.0,129.29999999999998,19.0,13.0,68.0,0.0,,60.0,9.4,,1021.0,,5.0
2025-01-04 03:00:00,1255.0,66.2,107.5,110.8,20.0,12.0,60.0,0.0,,40.0,5.4,,1021.0,,5.0
2025-01-04 04:00:00,962.5,55.15,82.15,90.33333333333333,22.0,10.2,47.0,0.0,,70.0,7.6,,1020.0,,2.0
2025-01-04 05:00:00,871.5,50.95,62.05,72.8,22.0,11.1,50.0,0.0,,130.0,9.4,,1019.0,,2.0
2025-01-04 06:00:00,797.0,50.8,51.05,51.800000000000004,23.0,11.1,47.0,0.0,,170.0,7.6,,1017.0,,2.0
2025-01-04 07:00:00,659.0,40.8,49.099999999999994,47.199999999999996,24.0,11.0,44.0,0.0,,190.0,9.4,,1016.0,,2.0
2025-01-04 08:00:00,724.5,41.150000000000006,51.599999999999994,50.93333333333334,24.0,12.0,47.0,0.0,,160.0,7.6,,1016.0,,2.0
2025-01-04 09:00:00,1043.5,61.150000000000006,53.75,50.76666666666667,24.0,11.0,44.0,0.0,,190.0,13.0,,1015.0,,2.0
2025-01-04 10:00:00,1379.0,77.85,50.55,46.1,23.0,11.1,47.0,0.0,,170.0,9.4,,1015.0,,2.0
2025-01-04 11:00:00,966.0,66.95,49.8,48.1,21.0,11.9,56.0,0.0,,130.0,9.4,,1017.0,,2.0
2025-01-04 12:00:00,898.5,72.5,56.4,51.46666666666667,21.0,11.1,53.0,0.0,,130.0,16.6,,1018.0,,2.0
2025-01-04 13:00:00,742.0,70.15,58.65,56.166666666666664,20.0,11.0,56.0,0.0,,130.0,14.8,,1019.0,,2.0
2025-01-04 14:00:00,706.0,71.0,60.15,51.26666666666667,18.0,12.0,68.0,0.0,,130.0,13.0,,1021.0,,2.0
2025-01-04 15:00:00,711.5,65.6,64.35,54.56666666666666,18.0,13.1,73.0,0.0,,120.0,11.2,,1022.0,,2.0
2025-01-04 16:00:00,614.5,48.800000000000004,66.25,55.800000000000004,18.0,13.1,73.0,0.0,,170.0,3.6,,1022.0,,2.0
2025-01-04 17:00:00,664.5,50.099999999999994,73.95,62.93333333333334,18.0,13.1,73.0,0.0,,190.0,7.6,,1022.0,,2.0
2025-01-04 18:00:00,651.0,41.25,74.6,62.63333333333333,16.0,12.9,82.0,0.0,,360.0,7.6,,1022.0,,5.0
2025-01-04 19:00:00,794.0,65.15,75.35,64.73333333333333,16.0,12.0,77.0,0.0,,300.0,3.6,,1022.0,,5.0
2025-01-04 20:00:00,728.0,77.05,81.6,68.26666666666667,15.0,13.0,88.0,0.0,,0.0,0.0,,1022.0,,5.0
2025-01-04 21:00:00,826.5,67.45,94.15,75.56666666666666,14.0,13.0,94.0,0.0,,70.0,3.6,,1022.0,,5.0
2025-01-04 22:00:00,1229.0,77.4,100.95,87.33333333333333,16.0,12.9,82.0,0.0,,340.0,3.6,,1023.0,,5.0
2025-01-04 23:00:00,1615.0,81.3,104.9,92.23333333333333,15.0,12.0,82.0,0.0,,320.0,1.8,,1023.0,,5.0
2025-01-05 00:00:00,1655.0,84.5,104.1,91.26666666666667,15.0,12.0,82.0,0.0,,310.0,3.6,,1023.0,,5.0
2025-01-05 01:00:00,1165.0,81.75,104.0,93.89999999999999,16.0,12.9,82.0,0.0,,290.0,7.6,,1024.0,,5.0
2025-01-05 02:00:00,1190.0,59.849999999999994,101.15,92.83333333333333,19.0,13.0,68.0,0.0,,310.0,9.4,,1024.0,,5.0
2025-01-05 03:00:00,951.0,48.0,84.65,81.76666666666667,21.0,11.1,53.0,0.0,,290.0,7.6,,1023.0,,2.0
2025-01-05 04:00:00,864.0,42.1,66.45,70.16666666666667,22.0,8.8,43.0,0.0,,310.0,5.4,,1022.0,,2.0
2025-01-05 05:00:00,792.5,36.1,57.95,59.4,23.0,7.9,38.0,0.0,,300.0,5.4,,1021.0,,2.0
2025-01-05 06:00:00,757.0,35.45,60.2,61.300000000000004,24.0,7.2,34.0,0.0,,250.0,9.4,,1019.0,,2.0
2025-01-05 07:00:00,832.0,38.050000000000004,57.55,60.4,24.0,9.2,39.0,0.0,,260.0,9.4,,1018.0,,2.0
2025-01-05 08:00:00,773.5,37.1,56.5,60.86666666666667,24.0,9.2,39.0,0.0,,300.0,5.4,,1017.0,,2.0
2025-01-05 09:00:00,972.5,43.55,56.8,57.13333333333333,24.0,9.2,39.0,0.0,,270.0,13.0,,1017.0,,1.0
2025-01-05 10:00:00,1720.0,62.9,57.2,63.96666666666667,23.0,9.0,41.0,0.0,,290.0,9.4,,1017.0,,1.0
2025-01-05 11:00:00,2875.0,94.8,67.5,68.66666666666667,22.0,8.8,43.0,0.0,,230.0,5.4,,1017.0,,1.0
2025-01-05 12:00:00,3885.0,131.3,79.2,92.0,21.0,8.9,46.0,0.0,,240.0,7.6,,1017.0,,1.0
2025-01-05 13:00:00,5870.0,161.0,85.35,92.73333333333333,19.0,10.0,56.0,0.0,,300.0,1.8,,1018.0,,5.0
2025-01-05 14:00:00,5530.0,167.8,110.15,110.63333333333333,18.0,10.1,60.0,0.0,,310.0,3.6,,1018.0,,5.0
2025-01-05 15:00:00,1520.0,88.65,109.5,112.83333333333333,17.0,11.9,72.0,0.0,,34.0,1.8,,1019.0,,5.0
2025-01-05 16:00:00,1505.0,65.85,117.5,103.53333333333335,17.0,11.1,68.0,0.0,,100.0,11.2,,1018.0,,5.0
2025-01-05 17:00:00,1180.0,59.3,90.95,89.33333333333333,17.0,11.1,68.0,0.0,,120.0,13.0,,1018.0,,5.0
2025-01-05 18:00:00,939.5,54.400000000000006,94.35,83.66666666666667,17.0,11.1,68.0,0.0,,130.0,9.4,,1018.0,,5.0
2025-01-05 19:00:00,693.0,44.699999999999996,79.35,69.33333333333333,15.0,11.0,77.0,0.0,,70.0,7.6,,1018.0,,5.0
2025-01-05 20:00:00,648.0,46.45,97.15,74.39999999999999,14.0,11.0,82.0,0.0,,70.0,9.4,,1018.0,,5.0
2025-01-05 21:00:00,723.0,54.0,102.05,70.94999999999999,14.0,11.0,82.0,0.0,,60.0,7.6,,1018.0,,5.0
2025-01-05 22:00:00,889.5,72.4,120.5,96.26666666666667,14.0,11.0,82.0,0.0,,70.0,9.4,,1018.0,,5.0
2025-01-05 23:00:00,1117.0,85.3,129.5,101.2,13.0,11.1,88.0,0.0,,60.0,7.6,,1019.0,,5.0
2025-01-06 00:00:00,2155.0,103.8,127.0,104.7,14.0,11.0,82.0,0.0,,70.0,5.4,,1020.0,,5.0
2025-01-06 01:00:00,1945.0,103.2,138.0,120.66666666666667,15.0,12.0,82.0,0.0,,70.0,7.6,,1021.0,,5.0
2025-01-06 02:00:00,1445.0,83.05,107.85,97.66666666666667,18.0,11.1,64.0,0.0,,70.0,9.4,,1021.0,,5.0
2025-01-06 03:00:00,1082.5,72.75,84.65,80.13333333333333,20.0,10.1,53.0,0.0,,80.0,7.6,,1021.0,,5.0
2025-01-06 04:00:00,1270.0,66.05,78.15,76.5,22.0,8.1,41.0,0.0,,80.0,11.2,,1020.0,,2.0
2025-01-06 05:00:00,1015.5,56.0,75.44999999999999,73.06666666666666,23.0,7.9,38.0,0.0,,117.0,7.6,,1019.0,,2.0
2025-01-06 06:00:00,1155.0,60.15,77.4,74.13333333333334,23.0,7.9,38.0,0.0,,110.0,7.6,,1017.0,,2.0
2025-01-06 07:00:00,1000.0,53.45,69.45,65.89999999999999,24.0,8.0,36.0,0.0,,258.0,3.6,,1015.0,,1.0
2025-01-06 08:00:00,882.5,47.4,63.550000000000004,61.93333333333334,24.0,8.0,36.0,0.0,,130.0,7.6,,1015.0,,1.0
2025-01-06 09:00:00,1245.0,61.55,72.5,69.16666666666667,24.0,8.0,36.0,0.0,,160.0,5.4,,1015.0,,1.0
2025-01-06 10:00:00,2630.0,100.15,75.1,79.23333333333333,23.0,9.0,41.0,0.0,,180.0,7.6,,1015.0,,5.0
2025-01-06 11:00:00,3240.0,134.85,99.0,98.0,21.0,8.9,46.0,0.0,,100.0,7.6,,1016.0,,5.0
2025-01-06 12:00:00,1665.0,108.5,106.4,97.13333333333333,19.0,8.9,52.0,0.0,,90.0,5.4,,1017.0,,5.0
2025-01-06 13:00:00,796.0,64.7,95.65,86.2,18.0,11.1,64.0,0.0,,120.0,3.6,,1017.0,,5.0
2025-01-06 14:00:00,705.0,56.85,91.44999999999999,79.13333333333334,19.0,12.0,64.0,0.0,,130.0,16.6,,1017.0,,5.0
2025-01-06 15:00:00,679.5,50.2,78.1,68.06666666666666,18.0,13.1,73.0,0.0,,140.0,11.2,,1017.0,,1.0
2025-01-06 16:00:00,670.5,52.2,83.6,69.86666666666666,16.0,12.9,82.0,0.0,,100.0,5.4,,1017.0,,5.0
2025-01-06 17:00:00,571.5,44.7,90.75,73.46666666666665,15.0,13.0,88.0,0.0,,60.0,3.6,,1017.0,,5.0
2025-01-06 18:00:00,570.0,48.2,118.0,86.60000000000001,15.0,13.0,88.0,0.0,,60.0,1.8,,1017.0,,5.0
2025-01-06 19:00:00,492.0,37.55,93.65,72.76666666666667,15.0,13.0,88.0,0.0,,70.0,5.4,,1017.0,,5.0
2025-01-06 20:00:00,478.5,38.199999999999996,84.65,71.7,14.0,12.0,88.0,0.0,,70.0,7.6,,1017.0,,5.0
2025-01-06 21:00:00,646.0,64.1,159.5,120.0,14.0,12.0,88.0,0.0,,80.0,7.6,,1017.0,,5.0
2025-01-06 22:00:00,723.0,70.45,125.5,107.23333333333333,14.0,12.0,88.0,0.0,,110.0,5.4,,1017.0,,5.0
2025-01-06 23:00:00,904.0,62.25,132.0,115.23333333333333,13.0,12.1,94.0,0.0,,100.0,5.4,,1018.0,,5.0
2025-01-07 00:00:00,1485.0,74.5,156.0,136.0,14.0,13.0,94.0,0.0,,90.0,5.4,,1019.0,,5.0
2025-01-07 01:00:00,1675.0,83.55,158.5,146.66666666666666,16.0,12.9,82.0,0.0,,80.0,3.6,,1020.0,,5.0
2025-01-07 02:00:00,1340.0,75.7,150.0,134.66666666666666,18.0,13.1,73.0,0.0,,60.0,5.4,,1020.0,,5.0
2025-01-07 03:00:00,1200.0,73.25,116.0,105.43333333333334,19.0,11.1,60.0,0.0,,60.0,11.2,,1020.0,,5.0
2025-01-07 04:00:00,1054.5,69.8,87.65,79.96666666666667,20.0,10.1,53.0,0.0,,20.0,9.4,,1019.0,,5.0
2025-01-07 05:00:00,1123.5,76.8,97.45,90.8,21.0,11.1,53.0,0.0,,348.0,5.4,,1019.0,,5.0
2025-01-07 06:00:00,993.0,73.7,96.25,88.43333333333334,21.0,11.9,56.0,0.0,,20.0,5.4,,1017.0,,5.0
2025-01-07 07:00:00,900.0,62.75,87.05000000000001,80.3,23.0,12.0,50.0,0.0,,100.0,9.4,,1016.0,,5.0
2025-01-07 08:00:00,995.5,65.25,83.6,75.2,22.0,12.0,53.0,0.0,,110.0,7.6,,1015.0,,5.0
2025-01-07 09:00:00,1078.5,56.8,82.75,74.36666666666667,22.0,12.0,53.0,0.0,,80.0,5.4,,1015.0,,5.0
2025-01-07 10:00:00,1690.0,67.5,90.35,80.89999999999999,21.0,11.9,56.0,0.0,,80.0,3.6,,1015.0,,5.0
2025-01-07 11:00:00,1515.0,75.1,78.75,67.3,21.0,12.9,60.0,0.0,,20.0,3.6,,1016.0,,5.0
2025-01-07 12:00:00,991.0,58.85,66.45,55.03333333333333,20.0,13.9,68.0,0.0,,100.0,1.8,,1017.0,,5.0
2025-01-07 13:00:00,826.5,53.25,72.6,59.833333333333336,20.0,15.0,73.0,0.0,,140.0,7.6,,1017.0,,5.0
2025-01-07 14:00:00,657.0,46.4,68.75,59.06666666666666,19.0,16.0,83.0,0.0,,150.0,7.6,,1018.0,,5.0
2025-01-07 15:00:00,694.0,43.65,67.69999999999999,56.6,19.0,16.0,83.0,0.0,,150.0,11.2,,1018.0,,5.0
2025-01-07 16:00:00,540.5,38.0,67.95,54.699999999999996,19.0,16.0,83.0,0.0,,170.0,11.2,,1018.0,,5.0
2025-01-07 17:00:00,436.0,35.15,63.95,54.56666666666666,19.0,16.0,83.0,0.0,,140.0,9.4,,1017.0,,5.0
2025-01-07 18:00:00,406.5,34.4,67.69999999999999,52.6,18.0,16.0,88.0,0.0,,100.0,7.6,,1017.0,,5.0
2025-01-07 19:00:00,345.5,31.95,64.55000000000001,50.46666666666667,18.0,16.0,88.0,0.0,,90.0,5.4,,1017.0,,5.0
2025-01-07 20:00:00,376.0,33.75,78.4,62.833333333333336,18.0,16.0,88.0,0.0,,90.0,7.6,,1017.0,,5.0
2025-01-07 21:00:00,382.0,43.900000000000006,87.3,67.93333333333334,18.0,15.1,83.0,0.0,,100.0,7.0,,1017.0,,5.0
2025-01-07 22:00:00,565.5,66.6,92.5,79.93333333333334,18.0,15.1,83.0,0.0,,50.0,3.6,,1017.0,,5.0
2025-01-07 23:00:00,836.0,78.45,98.95,82.76666666666667,17.0,15.0,88.0,0.0,,50.0,7.6,,1018.0,,5.0
2025-01-08 00:00:00,1380.0,77.25,112.5,97.76666666666667,17.0,15.0,88.0,0.0,,40.0,11.2,,1019.0,,5.0
2025-01-08 01:00:00,1420.0,72.4,101.9,92.8,18.0,15.1,83.0,0.0,,50.0,9.4,,1020.0,,5.0
2025-01-08 02:00:00,1027.5,64.45,80.5,70.0,19.0,15.1,78.0,0.0,,50.0,9.4,,1020.0,,3.0
2025-01-08 03:00:00,1006.0,64.45,72.25,64.93333333333334,20.0,15.0,73.0,0.0,,70.0,14.8,,1020.0,,3.0
2025-01-08 04:00:00,1010.5,67.95,70.25,62.73333333333333,21.0,15.1,69.0,0.0,,80.0,13.0,,1019.0,,2.0
2025-01-08 05:00:00,775.0,53.2,57.85,52.4,23.0,15.1,61.0,0.0,,100.0,9.4,,1019.0,,2.0
2025-01-08 06:00:00,836.0,51.0,63.05,57.699999999999996,23.0,15.1,61.0,0.0,,90.0,11.2,,1017.0,,3.0
2025-01-08 07:00:00,829.5,53.849999999999994,59.0,52.333333333333336,23.0,14.0,57.0,0.0,,120.0,9.4,,1016.0,,3.0
2025-01-08 08:00:00,886.0,60.95,60.2,49.166666666666664,24.0,15.0,57.0,0.0,,110.0,9.4,,1016.0,,3.0
2025-01-08 09:00:00,1171.0,66.75,56.9,48.833333333333336,23.0,15.1,61.0,0.0,,120.0,13.0,,1016.0,,3.0
2025-01-08 10:00:00,1495.0,73.0,55.5,48.36666666666667,22.0,15.1,65.0,0.0,,140.0,16.6,,1016.0,,3.0
2025-01-08 11:00:00,1395.0,74.9,55.099999999999994,46.9,22.0,15.1,65.0,0.0,,130.0,13.0,,1017.0,,3.0
2025-01-08 12:00:00,1133.0,75.2,56.349999999999994,48.166666666666664,21.0,15.1,69.0,0.0,,110.0,14.8,,1018.0,,3.0
2025-01-08 13:00:00,790.5,62.9,63.55,50.46666666666667,20.0,15.0,73.0,0.0,,120.0,13.0,,1019.0,,2.0
2025-01-08 14:00:00,680.5,50.2,52.95,46.4,20.0,15.0,73.0,0.0,,130.0,11.2,,1020.0,,2.0
2025-01-08 15:00:00,685.0,50.9,56.849999999999994,49.300000000000004,20.0,15.0,73.0,0.0,,150.0,7.6,,1020.0,,2.0
2025-01-08 16:00:00,605.0,45.35,50.75,43.5,20.0,15.0,73.0,0.0,,130.0,7.6,,1020.0,,2.0
2025-01-08 17:00:00,496.5,41.75,54.7,44.0,19.0,15.1,78.0,0.0,,60.0,5.4,,1020.0,,2.0
2025-01-08 18:00:00,466.5,43.7,61.949999999999996,48.5,19.0,15.1,78.0,0.0,,90.0,7.6,,1020.0,,5.0
2025-01-08 19:00:00,462.5,47.7,70.0,54.666666666666664,18.0,14.1,78.0,0.0,,100.0,5.4,,1019.0,,5.0
2025-01-08 20:00:00,464.0,49.35,80.45,61.800000000000004,17.0,14.1,83.0,0.0,,80.0,5.4,,1019.0,,5.0
2025-01-08 21:00:00,607.0,54.699999999999996,80.9,70.33333333333333,18.0,14.1,78.0,0.0,,50.0,5.4,,1019.0,,5.0
2025-01-08 22:00:00,640.0,45.65,75.05,71.10000000000001,17.0,11.9,72.0,0.0,,60.0,7.6,,1019.0,,3.0
2025-01-08 23:00:00,722.5,43.15,73.75,70.8,17.0,11.1,68.0,0.0,,70.0,11.2,,1020.0,,3.0
2025-01-09 00:00:00,1155.0,58.6,79.65,74.66666666666667,17.0,11.1,68.0,0.0,,80.0,11.2,,1021.0,,5.0
2025-01-09 01:00:00,1280.0,67.95,89.75,78.93333333333334,18.0,12.0,68.0,0.0,,80.0,13.0,,1022.0,,5.0
2025-01-09 02:00:00,1125.0,61.1,84.85,76.26666666666667,18.0,11.1,64.0,0.0,,70.0,14.8,,1023.0,,5.0
2025-01-09 03:00:00,991.5,49.65,82.15,72.56666666666666,19.0,10.0,56.0,0.0,,50.0,18.4,,1023.0,,2.0
2025-01-09 04:00:00,1044.0,49.349999999999994,77.6,71.2,20.0,10.1,53.0,0.0,,60.0,16.6,,1022.0,,2.0
2025-01-09 05:00:00,982.0,48.25,71.15,70.10000000000001,21.0,9.9,49.0,0.0,,50.0,14.8,,1022.0,,3.0
2025-01-09 06:00:00,863.5,46.3,68.15,64.8,22.0,8.8,43.0,0.0,,40.0,14.8,,1020.0,,3.0
2025-01-09 07:00:00,920.5,47.2,64.7,60.6,23.0,10.1,44.0,0.0,,70.0,14.8,,1019.0,,3.0
2025-01-09 08:00:00,944.5,48.650000000000006,59.35,57.6,23.0,10.1,44.0,0.0,,50.0,13.0,,1019.0,,3.0
2025-01-09 09:00:00,1310.0,59.1,57.3,55.800000000000004,22.0,11.1,50.0,0.0,,50.0,13.0,,1020.0,,3.0
2025-01-09 10:00:00,1545.0,68.9,60.2,58.1,22.0,10.2,47.0,0.0,,30.0,13.0,,1020.0,,3.0
2025-01-09 11:00:00,1355.0,59.75,71.6,71.8,21.0,9.9,49.0,0.0,,20.0,18.4,,1022.0,,3.0
2025-01-09 12:00:00,825.5,46.95,62.9,61.6,20.0,9.0,49.0,0.0,,20.0,18.4,,1023.0,,3.0
2025-01-09 13:00:00,612.0,41.45,53.400000000000006,49.96666666666667,19.0,8.0,49.0,0.0,,40.0,20.5,,1023.0,,3.0
2025-01-09 14:00:00,555.5,40.2,46.599999999999994,44.53333333333333,19.0,8.0,49.0,0.0,,40.0,20.5,,1025.0,,3.0
2025-01-09 15:00:00,498.0,37.8,40.0,36.36666666666667,18.0,7.1,49.0,0.0,,40.0,20.5,,1026.0,,2.0
2025-01-09 16:00:00,397.0,33.2,31.2,29.53333333333333,17.0,7.9,55.0,0.0,,20.0,20.5,,1026.0,,3.0
2025-01-09 17:00:00,334.0,28.65,25.450000000000003,24.03333333333333,17.0,7.1,52.0,0.0,,30.0,20.5,,1027.0,,3.0
2025-01-09 18:00:00,302.0,28.049999999999997,22.799999999999997,21.733333333333334,16.0,7.0,55.0,0.0,,30.0,20.5,,1027.0,,3.0
2025-01-09 19:00:00,287.5,25.5,19.549999999999997,20.599999999999998,16.0,7.0,55.0,0.0,,20.0,16.6,,1027.0,,3.0
2025-01-09 20:00:00,273.0,25.15,16.75,17.533333333333335,16.0,6.1,52.0,0.0,,10.0,13.0,,1027.0,,3.0
2025-01-09 21:00:00,263.0,26.099999999999998,13.850000000000001,14.133333333333333,16.0,6.1,52.0,0.0,,10.0,20.0,,1027.0,,3.0
2025-01-09 22:00:00,281.0,27.95,13.899999999999999,14.299999999999999,16.0,6.1,52.0,0.0,,20.0,16.6,,1027.0,,3.0
2025-01-09 23:00:00,346.5,31.349999999999998,16.1,14.933333333333332,15.0,6.0,55.0,0.0,,10.0,18.4,,1028.0,,3.0
2025-01-10 00:00:00,635.0,40.050000000000004,19.1,19.266666666666666,15.0,6.0,55.0,0.0,,20.0,18.4,,1029.0,,3.0
2025-01-10 01:00:00,675.5,42.95,21.55,21.233333333333334,15.0,4.9,51.0,0.0,,20.0,14.8,,1030.0,,3.0
2025-01-10 02:00:00,570.5,37.5,22.95,22.333333333333332,16.0,5.0,48.0,0.0,,20.0,18.4,,1031.0,,2.0
2025-01-10 03:00:00,567.5,36.4,21.950000000000003,21.0,16.0,5.0,48.0,0.0,,30.0,20.5,,1030.0,,2.0
2025-01-10 04:00:00,615.5,38.75,20.9,20.133333333333333,17.0,5.0,45.0,0.0,,50.0,14.8,,1029.0,,2.0
2025-01-10 05:00:00,561.5,35.9,20.4,23.133333333333336,17.0,5.0,45.0,0.0,,40.0,18.4,,1029.0,,2.0
2025-01-10 06:00:00,531.0,34.35,20.3,22.46666666666667,17.0,5.9,48.0,0.0,,30.0,16.6,,1027.0,,3.0
2025-01-10 07:00:00,606.0,39.15,22.95,22.766666666666666,18.0,5.9,45.0,0.0,,50.0,14.8,,1026.0,,3.0
2025-01-10 08:00:00,667.5,44.1,23.0,22.866666666666664,18.0,5.9,45.0,0.0,,40.0,13.0,,1026.0,,3.0
2025-01-10 09:00:00,910.5,51.650000000000006,27.55,26.133333333333336,18.0,4.9,42.0,0.0,,20.0,9.4,,1026.0,,3.0
2025-01-10 10:00:00,1415.0,64.55,38.8,36.233333333333334,17.0,7.9,55.0,0.0,,290.0,9.4,,1026.0,,3.0
2025-01-10 11:00:00,1247.0,65.9,39.8,43.73333333333333,17.0,7.9,55.0,0.0,,290.0,7.6,,1027.0,,3.0
2025-01-10 12:00:00,1015.0,69.35,44.9,49.06666666666666,16.0,8.0,59.0,0.0,,310.0,5.4,,1028.0,,2.0
2025-01-10 13:00:00,796.0,61.3,40.55,48.13333333333333,16.0,6.1,52.0,0.0,,80.0,7.6,,1028.0,,2.0
2025-01-10 14:00:00,731.5,64.95,36.55,42.266666666666666,16.0,7.0,55.0,0.0,,70.0,5.4,,1029.0,,2.0
2025-01-10 15:00:00,605.5,53.900000000000006,32.35,36.733333333333334,16.0,6.1,52.0,0.0,,80.0,5.4,,1029.0,,2.0
2025-01-10 16:00:00,498.0,53.95,43.35,43.166666666666664,16.0,6.1,52.0,0.0,,30.0,5.4,,1029.0,,2.0
2025-01-10 17:00:00,381.0,46.05,26.6,24.066666666666666,15.0,6.0,55.0,0.0,,60.0,9.4,,1030.0,,2.0
2025-01-10 18:00:00,338.5,42.75,29.2,27.666666666666668,15.0,6.0,55.0,0.0,,50.0,5.4,,1030.0,,3.0
2025-01-10 19:00:00,278.0,36.55,34.4,34.53333333333333,15.0,4.9,51.0,0.0,,50.0,11.2,,1029.0,,3.0
2025-01-10 20:00:00,293.0,36.3,40.05,46.199999999999996,16.0,4.1,45.0,0.0,,30.0,13.0,,1029.0,,3.0
2025-01-10 21:00:00,301.0,35.45,27.05,29.666666666666668,15.0,6.0,55.0,0.0,,360.0,7.6,,1029.0,,3.0
2025-01-10 22:00:00,285.0,36.699999999999996,22.65,23.233333333333334,15.0,4.9,51.0,0.0,,10.0,11.2,,1030.0,,3.0
2025-01-10 23:00:00,359.5,38.35,21.5,21.266666666666666,15.0,4.1,48.0,0.0,,10.0,18.4,,1030.0,,3.0
2025-01-11 00:00:00,432.0,41.55,21.1,21.833333333333332,15.0,4.1,48.0,0.0,,10.0,18.4,,1032.0,,2.0
2025-01-11 01:00:00,446.0,43.449999999999996,24.6,23.566666666666666,15.0,4.1,48.0,0.0,,20.0,16.6,,1033.0,,2.0
2025-01-11 02:00:00,442.5,41.5,28.6,23.633333333333336,15.0,4.1,48.0,0.0,,20.0,22.3,,1034.0,,2.0
2025-01-11 03:00:00,496.0,39.7,30.049999999999997,24.5,15.0,4.1,48.0,0.0,,30.0,22.3,,1034.0,,2.0
2025-01-11 04:00:00,518.0,37.4,25.65,21.7,16.0,5.0,48.0,0.0,,30.0,18.4,,1033.0,,2.0
2025-01-11 05:00:00,472.0,36.5,22.35,21.7,16.0,4.1,45.0,0.0,,10.0,16.6,,1032.0,,2.0
2025-01-11 06:00:00,477.5,37.550000000000004,21.4,21.166666666666668,17.0,5.0,45.0,0.0,,360.0,18.4,,1030.0,,2.0
2025-01-11 07:00:00,535.0,35.45,20.5,19.366666666666667,18.0,4.9,42.0,0.0,,360.0,14.8,,1029.0,,2.0
2025-01-11 08:00:00,548.0,43.300000000000004,21.4,19.96666666666667,19.0,4.0,37.0,0.0,,20.0,14.8,,1029.0,,3.0
2025-01-11 09:00:00,713.5,50.300000000000004,24.5,23.833333333333332,19.0,4.0,37.0,0.0,,310.0,11.2,,1029.0,,3.0
2025-01-11 10:00:00,864.0,49.75,37.45,37.699999999999996,18.0,4.2,40.0,0.0,,330.0,14.8,,1029.0,,3.0
2025-01-11 11:00:00,1158.0,61.15,47.7,50.666666666666664,17.0,5.0,45.0,0.0,,360.0,5.4,,1029.0,,2.0
2025-01-11 12:00:00,1197.5,70.05,54.400000000000006,55.93333333333334,15.0,4.9,51.0,0.0,,300.0,9.4,,1029.0,,2.0
2025-01-11 13:00:00,754.5,54.95,39.35,42.166666666666664,15.0,7.1,59.0,0.0,,300.0,13.0,,1030.0,,2.0
2025-01-11 14:00:00,873.5,66.4,48.75,45.5,14.0,7.1,63.0,0.0,,310.0,7.6,,1030.0,,2.0
2025-01-11 15:00:00,1051.5,74.1,59.05,60.03333333333333,13.0,6.1,63.0,0.0,,50.0,9.4,,1031.0,,2.0
2025-01-11 16:00:00,893.0,75.55,48.9,49.166666666666664,12.0,6.1,67.0,0.0,,40.0,3.6,,1030.0,,1.0
2025-01-11 17:00:00,863.0,76.85,61.5,51.76666666666667,11.0,5.9,71.0,0.0,,300.0,3.6,,1030.0,,2.0
2025-01-11 18:00:00,1043.0,73.25,95.15,97.76666666666667,11.0,6.9,76.0,0.0,,320.0,3.6,,1030.0,,2.0
2025-01-11 19:00:00,1011.5,69.5,79.6,77.63333333333334,10.0,6.0,76.0,0.0,,310.0,3.6,,1029.0,,2.0
2025-01-11 20:00:00,885.5,66.75,85.30000000000001,80.76666666666667,9.0,6.1,82.0,0.0,,0.0,0.0,,1029.0,,2.0
2025-01-11 21:00:00,1128.0,60.45,98.75,91.26666666666667,9.0,6.1,82.0,0.0,,320.0,3.6,,1029.0,,5.0
2025-01-11 22:00:00,1107.5,61.65,69.1,67.83333333333333,9.0,6.1,82.0,0.0,,18.0,3.6,,1028.0,,3.0
2025-01-11 23:00:00,1144.5,53.699999999999996,72.5,64.76666666666667,9.0,6.1,82.0,0.0,,270.0,1.8,,1029.0,,2.0
2025-01-12 00:00:00,1180.0,56.05,80.05000000000001,73.03333333333333,9.0,6.1,82.0,0.0,,90.0,1.8,,1029.0,,5.0
2025-01-12 01:00:00,1087.5,66.3,74.5,66.43333333333334,11.0,8.0,82.0,0.0,,290.0,1.8,,1030.0,,5.0
2025-01-12 02:00:00,859.5,71.05,65.35,61.93333333333334,14.0,6.1,59.0,0.0,,76.0,3.6,,1030.0,,2.0
2025-01-12 03:00:00,640.5,46.25,37.95,35.800000000000004,16.0,4.1,45.0,0.0,,73.0,5.4,,1030.0,,1.0
2025-01-12 04:00:00,550.5,35.4,26.549999999999997,26.166666666666668,19.0,-0.9,26.0,0.0,,20.0,16.6,,1029.0,,1.0
2025-01-12 05:00:00,450.5,31.55,21.6,24.7,20.0,-1.2,24.0,0.0,,40.0,9.4,,1028.0,,1.0
2025-01-12 06:00:00,438.5,31.95,21.75,25.233333333333334,20.0,-1.2,24.0,0.0,,140.0,11.2,,1025.0,,1.0
2025-01-12 07:00:00,410.5,32.449999999999996,22.5,24.03333333333333,21.0,-0.9,23.0,0.0,,48.0,9.4,,1024.0,,1.0
2025-01-12 08:00:00,456.0,35.949999999999996,22.0,23.933333333333334,20.0,-1.2,24.0,0.0,,100.0,7.6,,1023.0,,1.0
2025-01-12 09:00:00,627.0,42.4,23.25,22.7,20.0,-1.2,24.0,0.0,,120.0,3.6,,1023.0,,1.0
2025-01-12 10:00:00,734.0,52.05,30.5,41.9,19.0,-2.0,24.0,0.0,,150.0,9.4,,1023.0,,1.0
2025-01-12 11:00:00,1620.0,92.8,38.7,43.63333333333333,18.0,-0.8,28.0,0.0,,200.0,7.6,,1023.0,,1.0
2025-01-12 12:00:00,2150.0,113.8,61.2,63.166666666666664,17.0,0.2,32.0,0.0,,220.0,7.6,,1023.0,,1.0
2025-01-12 13:00:00,1760.0,107.75,74.35,78.7,14.0,1.9,44.0,0.0,,46.0,3.6,,1024.0,,1.0
2025-01-12 14:00:00,514.5,69.8,56.5,49.6,13.0,3.9,54.0,0.0,,90.0,3.6,,1024.0,,1.0
2025-01-12 15:00:00,682.0,73.25,63.85,60.76666666666667,14.0,4.0,51.0,0.0,,130.0,14.8,,1025.0,,1.0
2025-01-12 16:00:00,605.0,58.8,68.5,67.53333333333333,14.0,5.1,55.0,0.0,,140.0,7.6,,1025.0,,1.0
2025-01-12 17:00:00,467.5,61.3,61.9,61.03333333333333,10.0,5.0,71.0,0.0,,60.0,7.0,,1024.0,,1.0
2025-01-12 18:00:00,440.0,65.0,49.5,48.333333333333336,11.0,5.1,67.0,0.0,,70.0,5.4,,1024.0,,2.0
2025-01-12 19:00:00,800.5,65.25,42.05,41.800000000000004,10.0,6.0,76.0,0.0,,344.0,3.6,,1023.0,,2.0
2025-01-12 20:00:00,1055.0,75.1,60.900000000000006,50.4,10.0,6.0,76.0,0.0,,40.0,3.6,,1023.0,,5.0
2025-01-12 21:00:00,711.0,64.30000000000001,116.0,101.66666666666667,9.0,6.1,82.0,0.0,,0.0,0.0,,1022.0,,5.0
2025-01-12 22:00:00,774.0,65.0,163.5,168.0,9.0,6.1,82.0,0.0,,0.0,0.0,,1023.0,,5.0
2025-01-12 23:00:00,989.0,63.0,151.5,138.66666666666666,8.0,4.9,81.0,0.0,,100.0,5.4,,1023.0,,5.0
2025-01-13 00:00:00,1265.0,63.900000000000006,176.5,151.66666666666666,7.0,5.0,87.0,0.0,,90.0,5.4,,1024.0,,5.0
2025-01-13 01:00:00,1210.0,68.85,144.0,130.79999999999998,11.0,5.9,71.0,0.0,,0.0,0.0,,1025.0,,5.0
2025-01-13 02:00:00,1059.5,67.8,105.4,103.66666666666667,15.0,6.0,55.0,0.0,,145.0,3.6,,1025.0,,1.0
2025-01-13 03:00:00,1043.0,69.5,82.7,85.06666666666666,17.0,5.0,45.0,0.0,,96.0,3.6,,1025.0,,1.0
2025-01-13 04:00:00,1038.0,62.150000000000006,58.25,59.46666666666667,19.0,4.0,37.0,0.0,,100.0,7.6,,1024.0,,1.0
2025-01-13 05:00:00,663.0,52.05,50.150000000000006,51.03333333333333,20.0,6.0,40.0,0.0,,90.0,9.4,,1022.0,,1.0
2025-01-13 06:00:00,513.5,45.099999999999994,31.55,32.699999999999996,20.0,6.0,40.0,0.0,,90.0,7.6,,1021.0,,2.0
2025-01-13 07:00:00,642.0,49.25,31.7,31.7,21.0,4.1,33.0,0.0,,180.0,3.6,,1020.0,,2.0
2025-01-13 08:00:00,608.0,48.2,35.25,36.6,21.0,5.0,35.0,0.0,,308.0,9.4,,1019.0,,2.0
2025-01-13 09:00:00,681.5,50.7,34.2,33.1,21.0,5.0,35.0,0.0,,180.0,7.6,,1019.0,,2.0
2025-01-13 10:00:00,1225.0,63.099999999999994,35.7,36.266666666666666,20.0,6.0,40.0,0.0,,220.0,7.6,,1019.0,,1.0
2025-01-13 11:00:00,2120.0,95.7,49.05,51.199999999999996,20.0,6.0,40.0,0.0,,169.0,3.6,,1019.0,,1.0
2025-01-13 12:00:00,2135.0,116.8,67.45,71.86666666666666,17.0,5.9,48.0,0.0,,70.0,3.6,,1020.0,,1.0
2025-01-13 13:00:00,945.5,79.0,58.599999999999994,57.26666666666667,18.0,7.1,49.0,0.0,,140.0,7.6,,1020.0,,1.0
2025-01-13 14:00:00,507.0,61.35,48.85,45.4,17.0,8.9,59.0,0.0,,150.0,9.4,,1020.0,,1.0
2025-01-13 15:00:00,547.0,61.65,44.349999999999994,41.93333333333333,15.0,10.0,72.0,0.0,,140.0,9.4,,1021.0,,1.0
2025-01-13 16:00:00,437.5,57.35,47.650000000000006,39.1,14.0,11.0,82.0,0.0,,120.0,7.6,,1021.0,,1.0
2025-01-13 17:00:00,387.5,54.85,57.9,48.13333333333333,13.0,11.1,88.0,0.0,,60.0,5.4,,1021.0,,5.0
2025-01-13 18:00:00,410.5,65.95,77.25,61.26666666666667,13.0,11.1,88.0,0.0,,50.0,5.4,,1020.0,,5.0
2025-01-13 19:00:00,319.5,47.4,55.0,47.76666666666667,13.0,11.1,88.0,0.0,,30.0,3.6,,1020.0,,5.0
2025-01-13 20:00:00,521.0,63.300000000000004,74.0,64.8,13.0,11.1,88.0,0.0,,140.0,1.8,,1020.0,,5.0
2025-01-13 21:00:00,485.5,52.5,79.1,73.53333333333333,12.0,11.1,94.0,0.0,,350.0,3.6,,1020.0,,5.0
2025-01-13 22:00:00,567.0,49.6,59.3,53.699999999999996,12.0,11.1,94.0,0.0,,158.0,1.8,,1021.0,,5.0
2025-01-13 23:00:00,781.0,57.0,79.45,69.63333333333334,12.0,10.1,88.0,0.0,,270.0,5.4,,1021.0,,5.0
2025-01-14 00:00:00,1295.0,65.5,102.85,96.26666666666667,12.0,10.1,88.0,0.0,,320.0,14.8,,1021.0,,5.0
2025-01-14 01:00:00,1575.0,74.25,114.25,104.53333333333335,13.0,11.1,88.0,0.0,,180.0,3.6,,1023.0,,5.0
2025-01-14 02:00:00,1040.5,55.75,127.5,112.5,14.0,11.0,82.0,0.0,,200.0,7.6,,1024.0,,5.0
2025-01-14 03:00:00,819.5,51.15,101.05,91.0,16.0,11.0,72.0,0.0,,280.0,5.4,,1023.0,,5.0
2025-01-14 04:00:00,856.0,50.0,84.5,76.39999999999999,19.0,11.1,60.0,0.0,,260.0,5.4,,1023.0,,2.0
2025-01-14 05:00:00,656.5,45.6,51.9,50.06666666666666,19.0,11.1,60.0,0.0,,328.0,3.6,,1022.0,,2.0
2025-01-14 06:00:00,542.5,38.25,46.0,44.166666666666664,21.0,11.1,53.0,0.0,,20.0,5.4,,1020.0,,2.0
2025-01-14 07:00:00,715.0,45.15,45.95,44.9,22.0,10.2,47.0,0.0,,279.0,5.4,,1019.0,,2.0
2025-01-14 08:00:00,882.5,54.75,43.95,40.833333333333336,22.0,10.2,47.0,0.0,,60.0,7.6,,1019.0,,2.0
2025-01-14 09:00:00,1375.0,73.5,43.2,42.06666666666667,23.0,11.1,47.0,0.0,,110.0,9.4,,1019.0,,2.0
2025-01-14 10:00:00,2115.0,95.0,47.150000000000006,48.666666666666664,21.0,9.9,49.0,0.0,,90.0,9.4,,1019.0,,2.0
2025-01-14 11:00:00,2605.0,115.75,65.7,66.13333333333334,20.0,10.1,53.0,0.0,,120.0,11.2,,1020.0,,1.0
2025-01-14 12:00:00,4825.0,138.45,69.55000000000001,83.26666666666667,18.0,10.1,60.0,0.0,,360.0,3.6,,1021.0,,1.0
2025-01-14 13:00:00,6935.0,148.15,78.80000000000001,87.26666666666667,16.0,11.0,72.0,0.0,,320.0,3.6,,1022.0,,1.0
2025-01-14 14:00:00,2130.0,104.85,90.25,80.8,16.0,11.0,72.0,0.0,,310.0,5.4,,1023.0,,2.0
2025-01-14 15:00:00,944.5,68.35,60.15,54.833333333333336,16.0,11.0,72.0,0.0,,130.0,3.6,,1023.0,,2.0
2025-01-14 16:00:00,733.5,47.199999999999996,60.2,55.5,18.0,12.0,68.0,0.0,,110.0,9.4,,1023.0,,5.0
2025-01-14 17:00:00,771.0,70.6,70.9,64.39999999999999,18.0,14.1,78.0,0.0,,180.0,5.4,,1023.0,,5.0
2025-01-14 18:00:00,900.5,56.15,61.0,53.86666666666667,16.0,12.0,77.0,0.0,,320.0,3.6,,1023.0,,5.0
2025-01-14 19:00:00,1370.0,79.35,92.30000000000001,78.13333333333334,16.0,12.0,77.0,0.0,,310.0,5.4,,1023.0,,3.0
2025-01-14 20:00:00,1080.0,79.3,111.15,102.39999999999999,15.0,12.0,82.0,0.0,,300.0,3.6,,1023.0,,5.0
2025-01-14 21:00:00,937.5,70.35,112.0,97.36666666666667,16.0,12.0,77.0,0.1,,300.0,5.4,,1023.0,,5.0
2025-01-14 22:00:00,900.0,63.650000000000006,133.0,120.5,16.0,12.0,77.0,0.0,,300.0,7.6,,1024.0,,3.0
2025-01-14 23:00:00,1145.0,60.05,148.5,133.06666666666666,16.0,12.0,77.0,0.0,,270.0,5.4,,1024.0,,5.0
2025-01-15 00:00:00,1945.0,73.3,122.0,110.2,16.0,12.9,82.0,0.0,,280.0,7.6,,1025.0,,5.0
2025-01-15 01:00:00,1780.0,80.0,108.5,99.56666666666666,17.0,12.9,77.0,0.0,,84.0,3.6,,1027.0,,5.0
2025-01-15 02:00:00,1145.0,60.15,76.6,73.93333333333334,19.0,12.0,64.0,0.0,,30.0,1.8,,1027.0,,5.0
2025-01-15 03:00:00,637.5,37.2,36.15,33.96666666666667,21.0,8.9,46.0,0.0,,40.0,16.6,,1027.0,,2.0
2025-01-15 04:00:00,726.0,39.5,33.349999999999994,33.800000000000004,22.0,7.0,38.0,0.0,,30.0,16.6,,1026.0,,2.0
2025-01-15 05:00:00,836.5,45.8,30.5,32.63333333333333,23.0,5.9,33.0,0.0,,20.0,14.8,,1025.0,,2.0
2025-01-15 06:00:00,677.0,40.800000000000004,28.950000000000003,30.733333333333334,23.0,5.9,33.0,0.0,,30.0,13.0,,1023.0,,2.0
2025-01-15 07:00:00,690.5,42.300000000000004,30.5,31.233333333333334,24.0,5.8,31.0,0.0,,20.0,7.6,,1023.0,,3.0
2025-01-15 08:00:00,881.0,49.55,34.05,34.56666666666667,24.0,5.8,31.0,0.0,,80.0,7.0,,1022.0,,3.0
2025-01-15 09:00:00,1370.0,70.9,37.25,37.199999999999996,24.0,5.8,31.0,0.0,,60.0,11.2,,1022.0,,3.0
2025-01-15 10:00:00,1750.0,89.3,39.55,42.5,23.0,7.1,36.0,0.0,,100.0,11.2,,1023.0,,3.0
2025-01-15 11:00:00,1370.0,78.6,67.7,65.06666666666666,21.0,6.9,40.0,0.0,,110.0,13.0,,1023.0,,3.0
2025-01-15 12:00:00,1085.0,72.9,84.9,89.03333333333335,21.0,7.9,43.0,0.0,,110.0,14.8,,1024.0,,2.0
2025-01-15 13:00:00,993.5,70.6,91.45,88.93333333333334,20.0,11.0,56.0,0.0,,160.0,9.4,,1025.0,,2.0
2025-01-15 14:00:00,963.0,80.1,88.44999999999999,82.89999999999999,20.0,13.0,64.0,0.0,,150.0,11.2,,1025.0,,2.0
2025-01-15 15:00:00,1040.0,84.4,90.0,87.39999999999999,19.0,13.0,68.0,0.0,,70.0,7.6,,1025.0,,5.0
2025-01-15 16:00:00,995.5,85.25,91.69999999999999,83.39999999999999,18.0,12.0,68.0,0.0,,50.0,3.6,,1026.0,,5.0
2025-01-15 17:00:00,1005.5,86.15,101.5,90.36666666666667,18.0,12.0,68.0,0.0,,40.0,7.6,,1026.0,,5.0
2025-01-15 18:00:00,960.0,81.25,127.0,110.43333333333334,18.0,12.0,68.0,0.0,,10.0,7.6,,1025.0,,5.0
2025-01-15 19:00:00,698.0,67.05,101.1,98.06666666666666,18.0,9.1,56.0,0.0,,40.0,9.4,,1025.0,,2.0
2025-01-15 20:00:00,424.0,47.75,59.400000000000006,55.5,16.0,9.0,63.0,0.0,,90.0,9.4,,1025.0,,5.0
2025-01-15 21:00:00,540.5,45.699999999999996,62.7,66.10000000000001,15.0,8.9,67.0,0.0,,60.0,7.6,,1025.0,,5.0
2025-01-15 22:00:00,617.0,51.199999999999996,65.55000000000001,63.800000000000004,14.0,8.0,67.0,0.0,,60.0,5.4,,1025.0,,3.0
2025-01-15 23:00:00,671.0,57.349999999999994,55.3,55.03333333333333,13.0,8.1,72.0,0.0,,50.0,5.4,,1026.0,,3.0
2025-01-16 00:00:00,1155.0,69.95,65.9,62.86666666666667,16.0,6.1,52.0,0.0,,10.0,11.2,,1027.0,,3.0
2025-01-16 01:00:00,1040.0,58.6,66.05,63.03333333333333,18.0,4.9,42.0,0.0,,20.0,18.4,,1028.0,,2.0
2025-01-16 02:00:00,687.5,43.35,46.85,46.800000000000004,19.0,4.0,37.0,0.0,,20.0,20.5,,1028.0,,2.0
2025-01-16 03:00:00,736.5,43.0,42.55,41.73333333333333,20.0,4.9,37.0,0.0,,30.0,20.5,,1028.0,,2.0
2025-01-16 04:00:00,814.5,43.65,42.05,42.36666666666667,21.0,4.1,33.0,0.0,,40.0,14.8,,1027.0,,2.0
2025-01-16 05:00:00,751.0,42.3,39.849999999999994,42.5,22.0,5.0,33.0,0.0,,40.0,14.8,,1025.0,,2.0
2025-01-16 06:00:00,658.5,39.4,36.95,40.233333333333334,23.0,5.0,31.0,0.0,,20.0,11.2,,1023.0,,2.0
2025-01-16 07:00:00,729.0,40.349999999999994,41.25,42.76666666666667,23.0,5.0,31.0,0.0,,30.0,7.6,,1022.0,,1.0
2025-01-16 08:00:00,727.0,42.1,43.099999999999994,33.95,23.0,5.0,31.0,0.0,,100.0,7.6,,1022.0,,1.0
2025-01-16 09:00:00,1017.0,49.95,47.25,42.76666666666667,23.0,5.0,31.0,0.0,,50.0,5.4,,1022.0,,1.0
2025-01-16 10:00:00,1955.0,80.9,51.9,49.06666666666666,22.0,5.0,33.0,0.0,,49.0,3.6,,1022.0,,1.0
2025-01-16 11:00:00,3095.0,122.8,59.55,55.300000000000004,21.0,6.1,38.0,0.0,,0.0,0.0,,1022.0,,1.0
2025-01-16 12:00:00,3695.0,146.25,79.9,73.89999999999999,19.0,6.1,43.0,0.0,,18.0,3.6,,1023.0,,1.0
2025-01-16 13:00:00,1590.0,105.6,85.85,86.0,17.0,7.9,55.0,0.0,,12.0,3.6,,1023.0,,1.0
2025-01-16 14:00:00,659.5,63.1,76.35,82.66666666666667,16.0,10.1,68.0,0.0,,130.0,3.6,,1024.0,,1.0
2025-01-16 15:00:00,533.5,54.9,59.2,58.53333333333333,17.0,11.1,68.0,0.0,,130.0,16.6,,1024.0,,1.0
2025-01-16 16:00:00,423.0,49.5,50.3,46.93333333333334,16.0,11.0,72.0,0.0,,150.0,9.4,,1024.0,,1.0
2025-01-16 17:00:00,359.5,46.5,48.650000000000006,42.63333333333333,16.0,11.0,72.0,0.0,,130.0,9.4,,1024.0,,2.0
2025-01-16 18:00:00,310.5,51.75,47.25,39.93333333333333,16.0,11.0,72.0,0.0,,120.0,9.4,,1024.0,,2.0
2025-01-16 19:00:00,295.5,54.75,49.75,44.0,14.0,11.0,82.0,0.0,,80.0,7.6,,1023.0,,2.0
2025-01-16 20:00:00,317.0,52.8,49.95,44.73333333333333,13.0,10.0,82.0,0.0,,60.0,7.6,,1023.0,,5.0
2025-01-16 21:00:00,651.0,72.45,68.15,61.13333333333333,13.0,11.1,88.0,0.0,,90.0,5.4,,1023.0,,5.0
2025-01-16 22:00:00,730.0,73.4,78.95,70.39999999999999,13.0,11.1,88.0,0.0,,50.0,11.2,,1023.0,,5.0
2025-01-16 23:00:00,1084.0,71.35,121.5,105.3,13.0,11.1,88.0,0.0,,50.0,3.6,,1023.0,,5.0
2025-01-17 00:00:00,1405.0,70.9,114.95,115.7,12.0,10.1,88.0,0.0,,80.0,5.4,,1024.0,,5.0
2025-01-17 01:00:00,1485.0,75.15,117.5,105.39999999999999,14.0,12.0,88.0,0.0,,124.0,3.6,,1024.0,,5.0
2025-01-17 02:00:00,1042.5,61.55,106.5,99.56666666666666,17.0,11.9,72.0,0.0,,90.0,9.4,,1024.0,,5.0
2025-01-17 03:00:00,903.0,53.5,75.55,73.7,18.0,10.1,60.0,0.0,,40.0,7.6,,1024.0,,5.0
2025-01-17 04:00:00,885.5,50.6,67.30000000000001,66.13333333333334,20.0,9.0,49.0,0.0,,70.0,9.4,,1023.0,,2.0
2025-01-17 05:00:00,730.5,51.5,56.099999999999994,58.199999999999996,21.0,8.9,46.0,0.0,,110.0,9.4,,1021.0,,2.0
2025-01-17 06:00:00,735.5,51.7,59.3,59.0,22.0,7.0,38.0,0.0,,281.0,5.4,,1020.0,,1.0
2025-01-17 07:00:00,791.5,51.4,57.2,56.0,22.0,8.1,41.0,0.0,,130.0,11.2,,1019.0,,1.0
2025-01-17 08:00:00,755.0,49.7,55.8,55.0,22.0,7.0,38.0,0.0,,150.0,9.4,,1018.0,,1.0
2025-01-17 09:00:00,877.0,59.6,54.349999999999994,52.5,22.0,7.0,38.0,0.0,,170.0,11.2,,1017.0,,1.0
2025-01-17 10:00:00,1094.5,68.05,53.4,58.666666666666664,21.0,6.9,40.0,0.0,,170.0,11.2,,1017.0,,1.0
2025-01-17 11:00:00,898.5,72.9,57.35,53.26666666666667,20.0,10.1,53.0,0.0,,130.0,18.4,,1017.0,,1.0
2025-01-17 12:00:00,660.5,74.75,67.0,61.56666666666666,19.0,11.1,60.0,0.0,,140.0,18.4,,1018.0,,1.0
2025-01-17 13:00:00,574.0,80.5,71.0,62.23333333333333,18.0,12.0,68.0,0.0,,130.0,16.6,,1018.0,,1.0
2025-01-17 14:00:00,539.5,65.2,68.6,58.166666666666664,17.0,11.9,72.0,0.0,,130.0,18.4,,1018.0,,1.0
2025-01-17 15:00:00,542.5,58.900000000000006,66.80000000000001,57.199999999999996,16.0,12.0,77.0,0.0,,130.0,13.0,,1018.0,,2.0
2025-01-17 16:00:00,519.5,50.2,73.95,61.13333333333333,16.0,12.0,77.0,0.0,,130.0,13.0,,1019.0,,1.0
2025-01-17 17:00:00,517.5,56.55,69.65,59.46666666666667,15.0,12.0,82.0,0.0,,120.0,11.2,,1019.0,,5.0
2025-01-17 18:00:00,433.5,51.650000000000006,79.95,63.199999999999996,14.0,11.0,82.0,0.0,,70.0,5.4,,1018.0,,5.0
2025-01-17 19:00:00,562.5,60.400000000000006,106.6,99.63333333333333,13.0,11.1,88.0,0.0,,70.0,7.6,,1018.0,,5.0
2025-01-17 20:00:00,427.5,57.150000000000006,80.44999999999999,72.43333333333334,13.0,11.1,88.0,0.0,,70.0,7.6,,1018.0,,5.0
2025-01-17 21:00:00,441.0,60.45,79.5,72.63333333333334,13.0,10.0,82.0,0.0,,60.0,9.4,,1018.0,,5.0
2025-01-17 22:00:00,529.5,64.5,89.35,79.33333333333333,14.0,10.0,77.0,0.0,,50.0,9.4,,1019.0,,5.0
2025-01-17 23:00:00,668.0,72.0,99.8,86.86666666666667,14.0,8.0,67.0,0.0,,50.0,11.2,,1019.0,,3.0
2025-01-18 00:00:00,951.5,75.9,105.25,95.83333333333333,15.0,8.0,63.0,0.0,,60.0,9.4,,1020.0,,5.0
2025-01-18 01:00:00,944.5,72.85,95.75,90.43333333333334,15.0,7.1,59.0,0.0,,60.0,13.0,,1021.0,,3.0
2025-01-18 02:00:00,992.5,70.9,75.8,73.7,16.0,8.0,59.0,0.0,,50.0,11.2,,1021.0,,2.0
2025-01-18 03:00:00,895.0,66.6,73.35,68.96666666666667,17.0,7.9,55.0,0.0,,50.0,11.2,,1022.0,,2.0
2025-01-18 04:00:00,990.0,65.8,78.0,71.89999999999999,17.0,9.9,63.0,0.0,,360.0,7.6,,1021.0,,5.0
2025-01-18 05:00:00,921.5,62.7,75.75,70.73333333333333,18.0,10.1,60.0,0.0,,300.0,9.4,,1020.0,,2.0
2025-01-18 06:00:00,944.5,60.35,85.2,81.33333333333333,18.0,10.1,60.0,0.0,,300.0,13.0,,1019.0,,5.0
2025-01-18 07:00:00,1079.0,64.55,98.35,86.53333333333335,18.0,11.1,64.0,0.0,,300.0,14.8,,1018.0,,5.0
2025-01-18 08:00:00,1210.0,70.7,119.0,107.39999999999999,18.0,11.1,64.0,0.0,,290.0,14.8,,1018.0,,5.0
2025-01-18 09:00:00,1144.0,67.85,124.5,111.60000000000001,18.0,12.0,68.0,0.0,,300.0,11.2,,1018.0,,5.0
2025-01-18 10:00:00,1090.5,63.05,123.0,109.0,17.0,11.9,72.0,0.0,,290.0,13.0,,1018.0,,5.0
2025-01-18 11:00:00,1092.0,66.6,125.5,110.93333333333334,17.0,11.9,72.0,0.0,,290.0,11.2,,1018.0,,5.0
2025-01-18 12:00:00,1071.5,64.4,154.0,138.33333333333334,17.0,11.9,72.0,0.0,,290.0,11.2,,1019.0,,5.0
2025-01-18 13:00:00,922.0,57.8,142.0,123.3,17.0,11.9,72.0,0.0,,290.0,11.2,,1019.0,,5.0
2025-01-18 14:00:00,986.5,56.3,131.5,116.06666666666666,16.0,12.0,77.0,0.0,,290.0,13.0,,1019.0,,5.0
2025-01-18 15:00:00,980.5,55.2,132.0,115.63333333333333,16.0,12.0,77.0,0.0,,290.0,11.2,,1019.0,,5.0
2025-01-18 16:00:00,847.0,46.7,131.5,115.8,16.0,12.0,77.0,0.0,,300.0,9.4,,1019.0,,5.0
2025-01-18 17:00:00,691.0,40.9,130.5,112.89999999999999,16.0,12.0,77.0,0.0,,280.0,9.4,,1019.0,,5.0
2025-01-18 18:00:00,641.5,41.35,126.5,110.03333333333335,16.0,12.0,77.0,0.0,,280.0,9.4,,1019.0,,5.0
2025-01-18 19:00:00,578.0,39.5,122.0,108.46666666666665,16.0,12.9,82.0,0.0,,300.0,11.2,,1018.0,,5.0
2025-01-18 20:00:00,539.0,34.75,118.0,103.5,16.0,12.0,77.0,0.0,,300.0,5.4,,1018.0,,5.0
2025-01-18 21:00:00,512.5,31.75,115.0,99.36666666666667,16.0,12.0,77.0,0.0,,290.0,9.4,,1018.0,,5.0
2025-01-18 22:00:00,533.0,31.700000000000003,113.0,98.0,16.0,12.0,77.0,0.0,,290.0,7.6,,1018.0,,5.0
2025-01-18 23:00:00,642.0,34.0,115.0,101.73333333333333,16.0,12.0,77.0,0.0,,290.0,7.6,,1019.0,,5.0
2025-01-19 00:00:00,754.5,39.5,107.55,93.33333333333333,16.0,12.0,77.0,0.0,,290.0,9.4,,1019.0,,5.0
2025-01-19 01:00:00,857.5,45.2,103.0,88.43333333333334,16.0,12.9,82.0,0.0,,290.0,11.2,,1020.0,,5.0
2025-01-19 02:00:00,962.0,44.3,106.0,92.63333333333333,17.0,12.9,77.0,0.0,,290.0,13.0,,1020.0,,5.0
2025-01-19 03:00:00,1079.0,42.75,98.95,90.0,18.0,12.0,68.0,0.0,,300.0,13.0,,1020.0,,5.0
2025-01-19 04:00:00,943.5,37.7,87.15,80.3,19.0,12.0,64.0,0.0,,300.0,9.4,,1020.0,,5.0
2025-01-19 05:00:00,911.5,35.1,68.4,68.93333333333334,20.0,12.0,60.0,0.0,,270.0,9.4,,1018.0,,5.0
2025-01-19 06:00:00,856.0,33.9,63.85,64.96666666666667,21.0,11.1,53.0,0.0,,240.0,9.4,,1016.0,,2.0
2025-01-19 07:00:00,792.0,34.4,58.8,59.300000000000004,22.0,10.2,47.0,0.0,,220.0,9.4,,1015.0,,2.0
2025-01-19 08:00:00,713.5,37.95,56.099999999999994,55.833333333333336,23.0,10.1,44.0,0.0,,210.0,7.6,,1015.0,,2.0
2025-01-19 09:00:00,950.5,45.5,50.85,50.43333333333334,22.0,10.2,47.0,0.0,,250.0,9.4,,1014.0,,2.0
2025-01-19 10:00:00,1730.0,57.45,55.05,62.96666666666667,22.0,11.1,50.0,0.0,,230.0,9.4,,1014.0,,1.0
2025-01-19 11:00:00,3510.0,108.2,80.85,81.26666666666667,20.0,10.1,53.0,0.0,,210.0,7.6,,1014.0,,1.0
2025-01-19 12:00:00,3410.0,133.05,93.55,99.66666666666667,20.0,10.1,53.0,0.0,,200.0,7.6,,1014.0,,1.0
2025-01-19 13:00:00,2545.0,129.25,105.0,103.73333333333333,19.0,10.0,56.0,0.0,,180.0,9.4,,1014.0,,1.0
2025-01-19 14:00:00,1365.0,83.8,118.0,107.46666666666665,19.0,10.0,56.0,0.0,,140.0,9.4,,1015.0,,5.0
2025-01-19 15:00:00,1340.0,84.8,144.5,130.66666666666666,17.0,11.1,68.0,0.0,,120.0,3.6,,1015.0,,5.0
2025-01-19 16:00:00,1200.0,76.05,170.5,152.66666666666666,17.0,11.1,68.0,0.0,,80.0,5.4,,1015.0,,5.0
2025-01-19 17:00:00,912.0,55.6,145.5,127.60000000000001,16.0,12.0,77.0,0.0,,80.0,9.4,,1015.0,,5.0
2025-01-19 18:00:00,907.0,59.7,164.0,148.0,17.0,11.9,72.0,0.0,,60.0,11.2,,1015.0,,5.0
2025-01-19 19:00:00,655.5,49.85,119.0,106.83333333333333,17.0,11.1,68.0,0.0,,70.0,7.6,,1015.0,,5.0
2025-01-19 20:00:00,730.5,55.05,119.5,112.33333333333333,16.0,11.0,72.0,0.0,,80.0,5.4,,1014.0,,5.0
2025-01-19 21:00:00,864.0,58.6,121.0,114.73333333333333,15.0,10.0,72.0,0.0,,60.0,7.6,,1015.0,,5.0
2025-01-19 22:00:00,868.0,60.5,131.0,118.13333333333333,15.0,11.0,77.0,0.0,,60.0,7.6,,1015.0,,5.0
2025-01-19 23:00:00,1146.5,62.85,154.0,133.66666666666666,15.0,11.0,77.0,0.0,,80.0,5.4,,1017.0,,5.0
2025-01-20 00:00:00,1505.0,65.4,156.5,139.0,16.0,11.0,72.0,0.0,,60.0,5.4,,1017.0,,5.0
2025-01-20 01:00:00,1480.0,68.7,146.5,132.33333333333334,16.0,11.0,72.0,0.0,,110.0,3.6,,1019.0,,5.0
2025-01-20 02:00:00,1400.0,74.65,144.0,133.0,18.0,11.1,64.0,0.0,,320.0,5.4,,1019.0,,5.0
2025-01-20 03:00:00,1410.0,67.9,135.5,124.39999999999999,19.0,11.1,60.0,0.0,,300.0,9.4,,1019.0,,5.0
2025-01-20 04:00:00,1565.0,63.949999999999996,115.5,104.89999999999999,20.0,11.0,56.0,0.0,,300.0,11.2,,1018.0,,5.0
2025-01-20 05:00:00,1340.0,46.25,101.05,80.69999999999999,21.0,11.1,53.0,0.0,,290.0,9.4,,1016.0,,5.0
2025-01-20 06:00:00,1320.0,46.400000000000006,99.7,80.55000000000001,23.0,10.1,44.0,0.0,,260.0,9.4,,1015.0,,5.0
2025-01-20 07:00:00,1280.0,49.099999999999994,92.1,74.15,24.0,11.0,44.0,0.0,,300.0,7.6,,1014.0,,5.0
2025-01-20 08:00:00,1175.5,47.550000000000004,81.15,82.86666666666666,24.0,11.0,44.0,0.0,,280.0,7.6,,1013.0,,2.0
2025-01-20 09:00:00,1655.0,64.95,80.3,80.89999999999999,24.0,9.9,41.0,0.0,,220.0,9.4,,1013.0,,2.0
2025-01-20 10:00:00,3600.0,121.85,96.75,95.53333333333335,23.0,10.1,44.0,0.0,,210.0,7.6,,1013.0,,1.0
2025-01-20 11:00:00,4015.0,146.8,114.0,113.46666666666665,22.0,10.2,47.0,0.0,,190.0,5.4,,1014.0,,1.0
2025-01-20 12:00:00,3720.0,157.55,126.0,124.16666666666667,21.0,9.9,49.0,0.0,,200.0,5.4,,1014.0,,1.0
2025-01-20 13:00:00,2430.0,126.05,147.0,137.66666666666666,21.0,11.1,53.0,0.0,,170.0,7.6,,1015.0,,5.0
2025-01-20 14:00:00,1315.0,85.8,144.5,125.66666666666667,19.0,11.1,60.0,0.0,,140.0,9.4,,1015.0,,5.0
2025-01-20 15:00:00,929.0,68.1,112.0,97.86666666666667,18.0,12.0,68.0,0.0,,130.0,13.0,,1016.0,,5.0
2025-01-20 16:00:00,785.5,61.35,99.25,86.86666666666667,17.0,12.9,77.0,0.0,,100.0,11.2,,1016.0,,5.0
2025-01-20 17:00:00,792.0,68.75,101.7,87.86666666666667,15.0,13.0,88.0,0.0,,80.0,7.6,,1016.0,,5.0
2025-01-20 18:00:00,854.5,72.8,144.5,128.36666666666667,15.0,13.0,88.0,0.0,,70.0,9.4,,1016.0,,5.0
2025-01-20 19:00:00,703.0,61.45,126.5,112.06666666666666,16.0,12.9,82.0,0.0,,60.0,7.6,,1015.0,,5.0
2025-01-20 20:00:00,710.0,51.8,124.5,109.16666666666667,16.0,12.9,82.0,0.0,,50.0,7.6,,1015.0,,5.0
2025-01-20 21:00:00,758.5,54.75,131.0,114.83333333333333,16.0,12.0,77.0,0.0,,60.0,9.4,,1015.0,,5.0
2025-01-20 22:00:00,891.0,62.849999999999994,141.5,124.66666666666667,14.0,12.0,88.0,0.0,,100.0,5.4,,1016.0,,5.0
2025-01-20 23:00:00,1225.0,93.25,150.5,133.66666666666666,14.0,11.0,82.0,0.0,,80.0,9.4,,1016.0,,5.0
2025-01-21 00:00:00,1950.0,96.25,149.5,127.33333333333333,14.0,12.0,88.0,0.0,,110.0,5.4,,1017.0,,5.0
2025-01-21 01:00:00,1605.0,92.6,141.5,122.33333333333333,16.0,12.0,77.0,0.0,,120.0,5.4,,1017.0,,5.0
2025-01-21 02:00:00,1207.5,67.7,114.0,104.23333333333333,18.0,12.0,68.0,0.0,,80.0,7.6,,1018.0,,5.0
2025-01-21 03:00:00,1018.0,53.45,82.65,77.93333333333334,20.0,12.0,60.0,0.0,,120.0,9.4,,1018.0,,5.0
2025-01-21 04:00:00,932.0,49.0,61.45,58.93333333333334,22.0,10.2,47.0,0.0,,140.0,9.4,,1017.0,,5.0
2025-01-21 05:00:00,723.5,41.35,45.75,45.36666666666667,24.0,8.0,36.0,0.0,,130.0,14.8,,1016.0,,2.0
2025-01-21 06:00:00,704.0,42.05,38.25,38.53333333333333,25.0,8.1,34.0,0.0,,160.0,11.2,,1014.0,,2.0
2025-01-21 07:00:00,785.0,46.550000000000004,41.5,38.96666666666667,25.0,8.9,36.0,0.0,,140.0,11.2,,1013.0,,2.0
2025-01-21 08:00:00,849.0,52.650000000000006,39.6,36.733333333333334,25.0,10.1,39.0,0.0,,130.0,18.4,,1012.0,,2.0
2025-01-21 09:00:00,1148.0,60.95,39.2,36.666666666666664,24.0,11.0,44.0,0.0,,140.0,18.4,,1012.0,,2.0
2025-01-21 10:00:00,1225.5,67.4,43.6,38.300000000000004,23.0,11.1,47.0,0.0,,130.0,18.4,,1012.0,,3.0
2025-01-21 11:00:00,1073.0,80.5,58.35,55.5,22.0,10.2,47.0,0.0,,120.0,14.8,,1012.0,,2.0
2025-01-21 12:00:00,956.0,73.8,78.85,70.8,21.0,8.9,46.0,0.0,,130.0,14.8,,1013.0,,2.0
2025-01-21 13:00:00,689.0,58.75,78.30000000000001,65.86666666666666,20.0,12.0,60.0,0.0,,120.0,16.6,,1014.0,,2.0
2025-01-21 14:00:00,562.5,61.9,64.05,51.6,19.0,14.1,73.0,0.0,,130.0,13.0,,1014.0,,5.0
2025-01-21 15:00:00,518.0,60.3,66.35,51.96666666666667,18.0,15.1,83.0,0.0,,110.0,13.0,,1015.0,,5.0
2025-01-21 16:00:00,426.0,40.4,53.9,42.63333333333333,18.0,15.1,83.0,0.0,,110.0,14.8,,1015.0,,5.0
2025-01-21 17:00:00,434.0,42.35,62.0,49.699999999999996,16.0,15.0,94.0,0.0,,90.0,9.4,,1015.0,,5.0
2025-01-21 18:00:00,346.0,40.2,66.15,52.6,17.0,16.0,94.0,0.0,,130.0,11.2,,1015.0,,5.0
2025-01-21 19:00:00,327.5,35.75,61.349999999999994,49.36666666666667,17.0,15.0,88.0,0.0,,100.0,5.4,,1015.0,,5.0
2025-01-21 20:00:00,274.0,28.85,61.45,48.4,16.0,15.0,94.0,0.0,,80.0,3.6,,1015.0,,5.0
2025-01-21 21:00:00,336.5,34.3,70.95,54.800000000000004,16.0,15.0,94.0,0.0,,90.0,7.6,,1015.0,,5.0
2025-01-21 22:00:00,397.5,42.650000000000006,65.9,55.800000000000004,17.0,15.0,88.0,0.0,,80.0,7.6,,1016.0,,5.0
2025-01-21 23:00:00,603.5,59.7,69.1,59.9,17.0,14.1,83.0,0.0,,70.0,3.6,,1017.0,,5.0
2025-01-22 00:00:00,1470.0,77.4,94.85,83.06666666666666,17.0,14.1,83.0,0.0,,90.0,3.6,,1017.0,,5.0
2025-01-22 01:00:00,1570.0,78.85,83.35,76.10000000000001,18.0,14.1,78.0,0.0,,50.0,3.6,,1018.0,,5.0
2025-01-22 02:00:00,999.5,71.65,80.55000000000001,70.7,19.0,13.0,68.0,0.0,,90.0,7.6,,1018.0,,5.0
2025-01-22 03:00:00,1026.0,73.5,83.5,72.53333333333333,19.0,13.0,68.0,0.0,,60.0,5.4,,1018.0,,5.0
2025-01-22 04:00:00,1270.0,70.5,85.35,78.39999999999999,20.0,13.0,64.0,0.0,,314.0,3.6,,1018.0,,5.0
2025-01-22 05:00:00,1805.0,79.3,105.0,95.5,21.0,12.9,60.0,0.0,,280.0,5.4,,1016.0,,5.0
2025-01-22 06:00:00,1630.0,68.7,114.5,100.46666666666665,21.0,13.9,64.0,0.1,,290.0,9.4,,1015.0,,5.0
2025-01-22 07:00:00,1605.0,69.8,125.5,93.3,21.0,15.1,69.0,0.1,,280.0,7.6,,1014.0,,5.0
2025-01-22 08:00:00,1650.0,76.95,103.1,82.06666666666666,21.0,15.1,69.0,0.0,,285.0,3.6,,1013.0,,5.0
2025-01-22 09:00:00,1125.5,66.5,67.9,56.36666666666667,21.0,15.1,69.0,0.0,,120.0,7.6,,1013.0,,5.0
2025-01-22 10:00:00,1461.0,71.05,74.75,64.60000000000001,21.0,15.1,69.0,0.0,,90.0,9.4,,1013.0,,5.0
2025-01-22 11:00:00,1456.0,73.85,61.6,52.1,19.0,17.0,88.0,0.0,,100.0,14.8,,1013.0,,5.0
2025-01-22 12:00:00,1182.5,77.7,60.2,53.833333333333336,19.0,17.0,88.0,0.0,,60.0,7.6,,1014.0,,5.0
2025-01-22 13:00:00,785.0,59.8,47.9,43.86666666666667,19.0,17.0,88.0,0.0,,80.0,5.4,,1014.0,,5.0
2025-01-22 14:00:00,682.5,52.599999999999994,45.6,39.800000000000004,19.0,17.0,88.0,0.0,,110.0,7.6,,1015.0,,5.0
2025-01-22 15:00:00,581.5,43.699999999999996,44.45,35.63333333333333,19.0,17.0,88.0,0.0,,80.0,7.6,,1015.0,,5.0
2025-01-22 16:00:00,428.5,30.8,45.55,37.833333333333336,19.0,16.0,83.0,0.0,,120.0,11.2,,1015.0,,2.0
2025-01-22 17:00:00,262.0,24.45,38.849999999999994,30.433333333333334,19.0,17.0,88.0,0.0,,120.0,13.0,,1015.0,,2.0
2025-01-22 18:00:00,222.0,25.75,36.849999999999994,28.166666666666668,19.0,17.0,88.0,0.0,,120.0,13.0,,1016.0,,3.0
2025-01-22 19:00:00,213.5,28.4,42.0,34.199999999999996,19.0,16.0,83.0,0.0,,110.0,13.0,,1015.0,,3.0
2025-01-22 20:00:00,211.5,28.4,39.2,30.599999999999998,19.0,16.0,83.0,0.0,,110.0,11.2,,1015.0,,5.0
2025-01-22 21:00:00,208.5,26.799999999999997,42.150000000000006,32.6,19.0,16.0,83.0,0.0,,110.0,11.2,,1015.0,,5.0
2025-01-22 22:00:00,268.0,29.8,38.5,29.900000000000002,18.0,16.0,88.0,0.0,,110.0,9.4,,1016.0,,5.0
2025-01-22 23:00:00,407.0,34.75,37.5,29.5,18.0,16.0,88.0,0.0,,110.0,9.4,,1016.0,,5.0
2025-01-23 00:00:00,731.0,45.65,37.849999999999994,30.633333333333336,19.0,16.0,83.0,0.0,,80.0,5.4,,1017.0,,5.0
2025-01-23 01:00:00,1062.0,55.900000000000006,39.3,32.266666666666666,19.0,16.0,83.0,0.0,,120.0,7.6,,1017.0,,5.0
2025-01-23 02:00:00,897.0,52.0,44.900000000000006,36.53333333333333,19.0,16.0,83.0,0.0,,110.0,5.4,,1018.0,,5.0
2025-01-23 03:00:00,1163.0,60.349999999999994,54.9,46.06666666666666,20.0,16.0,78.0,0.0,,140.0,9.0,,1017.0,,5.0
2025-01-23 04:00:00,1209.0,53.55,60.7,49.76666666666667,20.0,16.0,78.0,0.0,,120.0,13.0,,1017.0,,5.0
2025-01-23 05:00:00,1124.0,53.900000000000006,63.05,54.666666666666664,20.0,17.0,83.0,0.1,,110.0,13.0,,1015.0,,5.0
2025-01-23 06:00:00,1001.5,49.300000000000004,62.5,53.166666666666664,21.0,16.0,73.0,0.0,,120.0,7.6,,1014.0,,5.0
2025-01-23 07:00:00,1046.5,52.55,60.05,49.4,21.0,17.0,78.0,0.0,,90.0,7.6,,1012.0,,5.0
2025-01-23 08:00:00,1159.5,60.5,56.7,47.03333333333333,22.0,16.9,73.0,0.0,,100.0,11.2,,1011.0,,5.0
2025-01-23 09:00:00,1540.0,68.8,54.5,46.73333333333333,22.0,16.9,73.0,0.0,,120.0,15.0,,1011.0,,5.0
2025-01-23 10:00:00,1865.0,77.5,57.85,51.5,22.0,16.9,73.0,0.0,,120.0,11.2,,1011.0,,5.0
2025-01-23 11:00:00,1705.0,74.0,59.85,54.699999999999996,21.0,17.0,78.0,0.0,,110.0,11.2,,1011.0,,5.0
2025-01-23 12:00:00,1085.0,64.35,58.2,49.6,22.0,16.9,73.0,0.0,,120.0,11.2,,1012.0,,2.0
2025-01-23 13:00:00,724.0,56.650000000000006,60.7,48.36666666666667,21.0,18.0,83.0,0.0,,130.0,16.6,,1012.0,,5.0
2025-01-23 14:00:00,732.0,47.5,50.55,40.43333333333333,20.0,18.0,88.0,0.0,,130.0,20.5,,1013.0,,5.0
2025-01-23 15:00:00,585.0,37.8,43.45,35.53333333333333,19.0,17.0,88.0,0.0,,130.0,18.4,,1013.0,,5.0
2025-01-23 16:00:00,406.5,29.85,39.25,30.633333333333336,19.0,17.0,88.0,0.0,,130.0,20.5,,1012.0,,5.0
2025-01-23 17:00:00,353.0,28.849999999999998,38.6,29.3,19.0,17.0,88.0,0.0,,140.0,20.5,,1012.0,,2.0
2025-01-23 18:00:00,253.0,29.85,60.2,39.300000000000004,19.0,17.0,88.0,0.0,,130.0,18.4,,1012.0,,5.0
2025-01-23 19:00:00,210.0,25.9,50.25,36.03333333333333,19.0,17.0,88.0,0.0,,130.0,20.5,,1011.0,,5.0
2025-01-23 20:00:00,192.5,25.049999999999997,48.2,33.733333333333334,19.0,17.0,88.0,0.0,,110.0,16.6,,1011.0,,5.0
2025-01-23 21:00:00,229.5,23.5,43.150000000000006,33.4,19.0,17.0,88.0,0.0,,130.0,20.0,,1011.0,,5.0
2025-01-23 22:00:00,299.0,25.25,42.65,29.53333333333333,19.0,17.0,88.0,0.0,,120.0,13.0,,1011.0,,5.0
2025-01-23 23:00:00,600.0,32.9,56.05,39.96666666666667,18.0,18.0,100.0,0.0,,100.0,14.8,,1012.0,,5.0
2025-01-24 00:00:00,1088.0,38.9,68.0,50.1,18.0,18.0,100.0,0.0,,110.0,11.2,,1013.0,,5.0
2025-01-24 01:00:00,1210.0,42.5,64.05,47.93333333333334,18.0,18.0,100.0,0.0,,100.0,9.4,,1013.0,,5.0
2025-01-24 02:00:00,1131.0,41.85,54.099999999999994,40.73333333333333,18.0,18.0,100.0,0.2,,110.0,11.2,,1014.0,,5.0
2025-01-24 03:00:00,1370.0,44.949999999999996,56.7,43.6,19.0,18.0,94.0,0.2,,90.0,7.6,,1014.0,,2.0
2025-01-24 04:00:00,1630.0,48.8,63.55,50.699999999999996,19.0,18.0,94.0,0.0,,70.0,11.2,,1013.0,,5.0
2025-01-24 05:00:00,1279.0,48.699999999999996,65.25,59.800000000000004,19.0,18.0,94.0,0.0,,80.0,5.4,,1012.0,,5.0
2025-01-24 06:00:00,1231.5,56.8,62.650000000000006,50.26666666666667,20.0,19.0,94.0,0.0,,90.0,5.4,,1010.0,,5.0
2025-01-24 07:00:00,1083.5,45.45,44.8,37.166666666666664,23.0,19.0,78.0,0.0,,80.0,11.2,,1009.0,,5.0
2025-01-24 08:00:00,1228.5,46.75,42.5,36.1,24.0,19.1,74.0,0.0,,110.0,13.0,,1009.0,,5.0
2025-01-24 09:00:00,1500.0,54.4,39.7,33.5,24.0,19.1,74.0,0.0,,120.0,13.0,,1009.0,,3.0
2025-01-24 10:00:00,1580.0,57.35,37.349999999999994,33.43333333333333,23.0,19.0,78.0,0.0,,130.0,14.8,,1009.0,,3.0
2025-01-24 11:00:00,1298.0,56.699999999999996,40.05,60.96666666666667,23.0,19.0,78.0,0.0,,130.0,16.6,,1009.0,,3.0
2025-01-24 12:00:00,1033.0,46.900000000000006,40.849999999999994,42.333333333333336,22.0,19.0,83.0,0.0,,130.0,16.6,,1010.0,,2.0
2025-01-24 13:00:00,841.5,42.050000000000004,41.0,40.03333333333333,22.0,19.0,83.0,0.0,,140.0,18.4,,1011.0,,2.0
2025-01-24 14:00:00,927.0,46.1,44.9,40.56666666666667,22.0,19.0,83.0,0.0,,130.0,14.8,,1011.0,,2.0
2025-01-24 15:00:00,803.5,37.75,41.5,34.333333333333336,21.0,18.9,88.0,0.0,,110.0,16.6,,1011.0,,2.0
2025-01-24 16:00:00,640.0,31.8,45.5,33.166666666666664,21.0,18.9,88.0,0.0,,110.0,18.4,,1011.0,,1.0
2025-01-24 17:00:00,491.5,27.75,45.55,37.13333333333333,21.0,18.9,88.0,0.0,,110.0,16.6,,1011.0,,5.0
2025-01-24 18:00:00,384.5,23.3,47.4,37.0,21.0,18.9,88.0,0.0,,110.0,14.8,,1011.0,,3.0
2025-01-24 19:00:00,360.5,23.8,47.55,33.1,21.0,18.9,88.0,0.0,,110.0,13.0,,1011.0,,3.0
2025-01-24 20:00:00,304.5,21.150000000000002,36.3,30.599999999999998,21.0,18.9,88.0,0.0,,100.0,9.4,,1011.0,,5.0
2025-01-24 21:00:00,400.5,24.900000000000002,40.0,30.266666666666666,20.0,19.0,94.0,0.0,,90.0,7.6,,1011.0,,5.0
2025-01-24 22:00:00,488.5,29.4,42.7,33.53333333333333,20.0,19.0,94.0,0.0,,30.0,3.6,,1011.0,,5.0
2025-01-24 23:00:00,621.0,33.55,41.2,30.53333333333333,20.0,19.0,94.0,0.2,,110.0,7.6,,1012.0,,5.0
2025-01-25 00:00:00,783.5,37.5,38.05,30.733333333333334,20.0,20.0,100.0,0.3,,120.0,9.4,,1013.0,,5.0
2025-01-25 01:00:00,693.0,30.75,32.6,26.566666666666666,20.0,20.0,100.0,0.2,,110.0,5.4,,1014.0,,5.0
2025-01-25 02:00:00,997.0,35.9,30.15,24.133333333333336,21.0,20.0,94.0,0.4,,120.0,13.0,,1014.0,,5.0
2025-01-25 03:00:00,1164.0,39.25,28.15,24.53333333333333,22.0,19.9,88.0,1.0,,140.0,14.8,,1014.0,,5.0
2025-01-25 04:00:00,1050.0,37.9,27.549999999999997,25.266666666666666,22.0,19.9,88.0,0.7,,150.0,7.6,,1014.0,,2.0
2025-01-25 05:00:00,1103.5,41.3,34.75,34.233333333333334,24.0,19.9,78.0,0.0,,150.0,16.6,,1013.0,,2.0
2025-01-25 06:00:00,862.5,36.85,33.65,30.099999999999998,23.0,19.0,78.0,0.1,,150.0,16.6,,1012.0,,3.0
2025-01-25 07:00:00,803.0,35.75,25.2,21.233333333333334,23.0,19.0,78.0,0.0,,120.0,13.0,,1011.0,,3.0
2025-01-25 08:00:00,749.5,34.65,22.7,22.099999999999998,24.0,19.1,74.0,0.0,,140.0,20.5,,1011.0,,3.0
2025-01-25 09:00:00,816.0,37.25,25.3,21.8,24.0,19.1,74.0,0.2,,130.0,16.6,,1011.0,,3.0
2025-01-25 10:00:00,817.5,37.300000000000004,23.4,24.733333333333334,23.0,19.0,78.0,0.0,,130.0,16.6,,1011.0,,3.0
2025-01-25 11:00:00,738.0,37.7,27.15,25.766666666666666,23.0,18.1,74.0,0.0,,120.0,16.6,,1012.0,,3.0
2025-01-25 12:00:00,764.5,40.85,30.6,30.366666666666664,22.0,19.0,83.0,0.0,,110.0,11.2,,1014.0,,3.0
2025-01-25 13:00:00,732.5,40.55,29.5,27.5,22.0,19.0,83.0,0.0,,110.0,16.6,,1014.0,,2.0
2025-01-25 14:00:00,812.0,44.7,32.1,28.666666666666668,22.0,19.0,83.0,0.0,,110.0,14.8,,1015.0,,2.0
2025-01-25 15:00:00,882.0,42.949999999999996,39.8,31.566666666666666,22.0,18.0,78.0,0.0,,110.0,11.2,,1016.0,,2.0
2025-01-25 16:00:00,850.0,40.9,39.4,33.666666666666664,21.0,18.9,88.0,0.0,,90.0,11.2,,1016.0,,3.0
2025-01-25 17:00:00,756.5,35.699999999999996,43.5,38.53333333333333,21.0,18.9,88.0,0.4,,100.0,7.6,,1016.0,,3.0
2025-01-25 18:00:00,530.0,37.45,39.849999999999994,34.56666666666667,21.0,18.9,88.0,1.9,,90.0,9.4,,1017.0,,5.0
2025-01-25 19:00:00,467.5,51.05,43.05,36.03333333333333,20.0,18.0,88.0,0.4,,80.0,11.2,,1017.0,,3.0
2025-01-25 20:00:00,498.0,24.5,19.6,16.766666666666666,18.0,15.1,83.0,0.9,,40.0,38.9,,1018.0,,3.0
2025-01-25 21:00:00,477.5,14.5,10.3,11.700000000000001,16.0,14.0,88.0,2.7,,40.0,25.9,,1018.0,,3.0
2025-01-25 22:00:00,518.0,19.7,8.4,9.833333333333334,16.0,12.0,77.0,1.1,,30.0,29.5,,1019.0,,2.0
2025-01-25 23:00:00,531.0,18.75,7.85,8.533333333333333,16.0,11.0,72.0,0.7,,40.0,33.5,,1020.0,,3.0
2025-01-26 00:00:00,595.5,22.95,7.3,9.0,16.0,10.1,68.0,0.3,,40.0,22.3,,1022.0,,3.0
2025-01-26 01:00:00,633.5,22.8,6.949999999999999,8.533333333333333,14.0,11.0,82.0,0.3,,20.0,24.1,,1024.0,,3.0
2025-01-26 02:00:00,929.5,21.55,7.95,8.299999999999999,14.0,11.0,82.0,0.5,,50.0,20.5,,1025.0,,3.0
2025-01-26 03:00:00,688.0,21.599999999999998,7.8,8.566666666666666,15.0,10.0,72.0,0.3,,20.0,14.8,,1026.0,,2.0
2025-01-26 04:00:00,743.5,24.65,10.1,11.066666666666668,16.0,9.0,63.0,0.0,,10.0,25.9,,1026.0,,2.0
2025-01-26 05:00:00,725.0,23.349999999999998,9.899999999999999,9.266666666666667,16.0,10.1,68.0,0.0,,360.0,24.1,,1026.0,,2.0
2025-01-26 06:00:00,721.5,25.5,9.0,9.766666666666667,15.0,8.0,63.0,0.0,,360.0,25.9,,1025.0,,3.0
2025-01-26 07:00:00,689.5,26.55,8.05,8.466666666666667,16.0,7.0,55.0,0.0,,10.0,25.9,,1025.0,,3.0
2025-01-26 08:00:00,655.0,28.5,7.449999999999999,6.866666666666667,15.0,7.1,59.0,0.0,,10.0,25.9,,1025.0,,3.0
2025-01-26 09:00:00,675.0,28.65,7.4,7.5,15.0,6.0,55.0,0.0,,10.0,20.5,,1025.0,,3.0
2025-01-26 10:00:00,,,,16.0,15.0,4.9,51.0,0.0,,10.0,22.3,,1025.0,,3.0
2025-01-26 11:00:00,,,,20.0,15.0,4.9,51.0,0.0,,360.0,18.4,,1026.0,,3.0
2025-01-26 12:00:00,,,,20.0,15.0,4.9,51.0,0.0,,360.0,13.0,,1027.0,,3.0
2025-01-26 13:00:00,,,,20.0,15.0,4.9,51.0,0.0,,360.0,13.0,,1027.0,,3.0
2025-01-26 14:00:00,,,,21.0,15.0,4.9,51.0,0.0,,360.0,13.0,,1027.0,,3.0
2025-01-26 15:00:00,,,,21.0,15.0,4.9,51.0,0.0,,350.0,13.0,,1027.0,,3.0
2025-01-26 16:00:00,,,,18.0,15.0,4.1,48.0,0.0,,360.0,9.4,,1027.0,,3.0
2025-01-26 17:00:00,,,,16.0,14.0,4.0,51.0,0.0,,360.0,11.2,,1027.0,,3.0
2025-01-26 18:00:00,,,,16.0,14.0,4.0,51.0,0.0,,360.0,11.2,,1027.0,,3.0
2025-01-26 19:00:00,,,,18.0,14.0,5.1,55.0,0.1,,10.0,7.6,,1026.0,,3.0
2025-01-26 20:00:00,,,,17.0,14.0,4.0,51.0,0.0,,360.0,11.2,,1025.0,,3.0
2025-01-26 21:00:00,,,,22.0,14.0,4.0,51.0,0.0,,10.0,9.4,,1025.0,,5.0
2025-01-26 22:00:00,,,,31.0,14.0,3.2,48.0,0.0,,360.0,9.4,,1025.0,,3.0
2025-01-26 23:00:00,,,,31.0,14.0,4.0,51.0,0.0,,10.0,5.4,,1025.0,,3.0
2025-01-27 00:00:00,,,,28.0,14.0,4.0,51.0,0.0,,10.0,7.6,,1025.0,,2.0
2025-01-27 01:00:00,,,,25.0,14.0,6.1,59.0,0.0,,30.0,11.2,,1026.0,,2.0
2025-01-27 02:00:00,,,,19.0,14.0,5.1,55.0,0.0,,360.0,5.4,,1026.0,,2.0
2025-01-27 03:00:00,585.0,25.900000000000002,16.6,13.133333333333333,16.0,0.9,36.0,0.0,,20.0,18.4,,1026.0,,2.0
2025-01-27 04:00:00,556.0,24.6,17.65,14.933333333333332,17.0,0.2,32.0,0.0,,10.0,22.3,,1025.0,,2.0
2025-01-27 05:00:00,521.0,25.5,18.9,17.766666666666666,18.0,-0.8,28.0,0.0,,40.0,18.4,,1023.0,,2.0
2025-01-27 06:00:00,528.5,28.8,21.3,17.599999999999998,18.0,0.2,30.0,0.0,,40.0,14.8,,1022.0,,2.0
2025-01-27 07:00:00,595.0,30.4,21.5,18.599999999999998,18.0,0.2,30.0,0.0,,30.0,11.2,,1021.0,,3.0
2025-01-27 08:00:00,574.0,32.4,22.25,19.066666666666666,19.0,1.0,30.0,0.0,,50.0,13.0,,1020.0,,3.0
2025-01-27 09:00:00,641.0,35.75,22.950000000000003,20.599999999999998,18.0,0.2,30.0,0.0,,50.0,13.0,,1020.0,,3.0
2025-01-27 10:00:00,734.5,43.65,24.6,24.133333333333336,18.0,0.2,30.0,0.0,,40.0,9.4,,1020.0,,3.0
2025-01-27 11:00:00,971.0,57.35,29.35,28.599999999999998,16.0,2.0,39.0,0.0,,97.0,3.6,,1020.0,,3.0
2025-01-27 12:00:00,1124.0,64.2,43.45,41.63333333333333,16.0,3.1,42.0,0.0,,360.0,1.8,,1021.0,,2.0
2025-01-27 13:00:00,1205.0,67.1,62.7,64.36666666666666,15.0,7.1,59.0,0.0,,300.0,3.6,,1022.0,,2.0
2025-01-27 14:00:00,1330.0,69.75,63.8,63.36666666666667,15.0,6.0,55.0,0.0,,330.0,7.6,,1023.0,,2.0
2025-01-27 15:00:00,1152.5,56.849999999999994,82.6,93.60000000000001,15.0,6.0,55.0,0.0,,330.0,3.6,,1023.0,,2.0
2025-01-27 16:00:00,612.0,40.15,60.55,61.46666666666667,14.0,6.1,59.0,0.0,,90.0,11.2,,1023.0,,2.0
2025-01-27 17:00:00,423.0,33.050000000000004,47.7,41.766666666666666,14.0,7.1,63.0,0.0,,100.0,11.2,,1024.0,,2.0
2025-01-27 18:00:00,382.0,34.25,48.25,41.93333333333333,14.0,8.0,67.0,0.0,,60.0,7.6,,1024.0,,2.0
2025-01-27 19:00:00,338.0,30.4,39.400000000000006,37.833333333333336,14.0,7.1,63.0,0.0,,60.0,9.4,,1024.0,,2.0
2025-01-27 20:00:00,223.0,26.6,22.1,21.53333333333333,14.0,3.2,48.0,0.2,,80.0,11.2,,1024.0,,2.0
2025-01-27 21:00:00,175.0,27.150000000000002,19.2,15.133333333333333,14.0,1.9,44.0,0.0,,30.0,9.4,,1024.0,,2.0
2025-01-27 22:00:00,172.5,27.2,19.95,16.3,13.0,6.1,63.0,0.0,,50.0,7.6,,1025.0,,3.0
2025-01-27 23:00:00,203.0,28.349999999999998,18.5,17.866666666666667,12.0,3.0,54.0,0.0,,50.0,9.4,,1025.0,,3.0
2025-01-28 00:00:00,292.0,33.45,20.35,18.166666666666668,12.0,4.0,58.0,0.0,,10.0,5.4,,1026.0,,3.0
2025-01-28 01:00:00,344.0,34.4,24.05,20.2,12.0,4.9,62.0,0.0,,340.0,3.6,,1027.0,,2.0
2025-01-28 02:00:00,419.5,31.9,24.0,20.2,14.0,1.9,44.0,0.0,,20.0,9.4,,1027.0,,2.0
2025-01-28 03:00:00,460.0,28.35,24.4,23.266666666666666,15.0,1.1,39.0,0.0,,10.0,18.4,,1028.0,,2.0
2025-01-28 04:00:00,489.0,29.1,23.0,19.900000000000002,15.0,1.8,41.0,0.0,,10.0,20.5,,1027.0,,2.0
2025-01-28 05:00:00,328.5,20.25,21.1,18.599999999999998,14.0,1.9,44.0,0.0,,40.0,11.2,,1027.0,,2.0
2025-01-28 06:00:00,533.5,22.15,21.450000000000003,20.133333333333333,16.0,0.9,36.0,0.0,,10.0,14.8,,1025.0,,2.0
2025-01-28 07:00:00,380.5,22.55,20.85,18.366666666666667,16.0,0.1,34.0,0.0,,30.0,13.0,,1024.0,,2.0
2025-01-28 08:00:00,406.0,22.6,22.700000000000003,22.433333333333334,17.0,1.0,34.0,0.0,,10.0,14.8,,1024.0,,2.0
2025-01-28 09:00:00,562.0,33.7,26.7,24.933333333333334,17.0,1.0,34.0,0.0,,20.0,7.6,,1023.0,,2.0
2025-01-28 10:00:00,642.0,38.6,28.15,26.599999999999998,17.0,1.0,34.0,0.0,,30.0,13.0,,1024.0,,2.0
2025-01-28 11:00:00,653.5,42.65,38.15,39.96666666666667,15.0,1.8,41.0,0.0,,30.0,7.6,,1024.0,,2.0
2025-01-28 12:00:00,642.5,39.0,42.05,45.56666666666666,14.0,3.2,48.0,0.0,,7.0,3.6,,1025.0,,2.0
2025-01-28 13:00:00,683.5,44.9,49.95,47.333333333333336,14.0,5.1,55.0,0.0,,2.0,1.8,,1025.0,,2.0
2025-01-28 14:00:00,732.5,41.599999999999994,57.9,57.13333333333333,15.0,4.1,48.0,0.0,,358.0,1.8,,1026.0,,2.0
2025-01-28 15:00:00,830.5,35.35,97.2,87.26666666666667,15.0,4.1,48.0,0.0,,10.0,3.6,,1026.0,,2.0
2025-01-28 16:00:00,746.5,34.4,76.65,73.36666666666667,13.0,4.9,58.0,0.0,,310.0,5.4,,1026.0,,2.0
2025-01-28 17:00:00,1179.5,59.3,128.4,100.39999999999999,13.0,6.1,63.0,0.0,,300.0,5.4,,1026.0,,2.0
2025-01-28 18:00:00,1195.5,51.45,121.0,95.25,12.0,6.1,67.0,0.0,,310.0,7.6,,1026.0,,2.0
2025-01-28 19:00:00,836.0,40.599999999999994,98.5,108.10000000000001,12.0,4.9,62.0,0.0,,300.0,3.6,,1025.0,,2.0
2025-01-28 20:00:00,634.0,35.05,100.25,103.03333333333335,11.0,5.9,71.0,0.0,,330.0,3.6,,1024.0,,2.0
2025-01-28 21:00:00,514.5,29.9,94.85,96.76666666666667,11.0,6.9,76.0,0.0,,310.0,5.4,,1024.0,,3.0
2025-01-28 22:00:00,448.0,28.95,92.95,93.46666666666665,11.0,5.9,71.0,0.0,,300.0,2.0,,1024.0,,3.0
2025-01-28 23:00:00,518.0,30.95,96.45,92.13333333333333,11.0,6.9,76.0,0.0,,81.0,4.0,,1025.0,,3.0
2025-01-29 00:00:00,519.0,28.900000000000002,79.94999999999999,78.8,12.0,7.1,72.0,0.0,,320.0,6.0,,1026.0,,5.0
2025-01-29 01:00:00,500.5,26.099999999999998,69.75,72.53333333333333,13.0,6.1,63.0,0.0,,300.0,9.0,,1027.0,,2.0
2025-01-29 02:00:00,521.0,23.9,63.0,62.666666666666664,14.0,6.1,59.0,0.0,,300.0,7.0,,1027.0,,2.0
2025-01-29 03:00:00,532.5,26.299999999999997,55.0,55.03333333333333,14.0,6.4,60.0,0.0,,17.0,3.7,,1026.6,,2.0
2025-01-29 04:00:00,463.5,24.0,50.150000000000006,47.53333333333333,16.0,7.0,55.0,0.0,,320.0,11.0,,1026.0,,2.0
2025-01-29 05:00:00,414.5,24.5,40.15,40.0,17.0,5.0,45.0,0.0,,290.0,9.0,,1025.0,,2.0
2025-01-29 06:00:00,409.0,23.7,28.799999999999997,28.833333333333332,18.0,4.9,42.0,0.0,,321.0,6.0,,1024.0,,1.0
2025-01-29 07:00:00,387.0,24.650000000000002,24.15,24.0,18.0,3.1,37.0,0.0,,319.0,4.0,,1021.0,,1.0
2025-01-29 08:00:00,444.0,27.3,23.05,24.866666666666664,19.0,3.2,35.0,0.0,,60.0,4.0,,1020.0,,1.0
2025-01-29 09:00:00,511.5,32.6,22.700000000000003,23.46666666666667,18.0,3.1,37.0,0.0,,350.0,4.0,,1020.0,,1.0
2025-01-29 10:00:00,777.0,49.2,27.1,26.8,18.0,3.1,37.0,0.0,,60.0,4.0,,1020.0,,1.0
2025-01-29 11:00:00,910.0,63.8,29.65,32.46666666666667,15.0,3.2,45.0,0.0,,90.0,6.0,,1019.0,,1.0
2025-01-29 12:00:00,797.0,63.199999999999996,29.65,40.46666666666667,15.0,4.9,51.0,0.0,,90.0,4.0,,1020.0,,1.0
2025-01-29 13:00:00,1265.0,81.05,36.599999999999994,51.56666666666666,14.0,7.1,63.0,0.0,,340.0,6.0,,1020.0,,1.0
2025-01-29 14:00:00,1975.0,90.7,48.2,80.96666666666667,14.0,6.1,59.0,0.0,,320.0,6.0,,1020.0,,2.0
2025-01-29 15:00:00,1525.0,79.6,54.65,64.36666666666666,13.0,7.0,67.0,0.0,,300.0,4.0,,1021.0,,2.0
2025-01-29 16:00:00,1520.0,76.15,64.7,74.43333333333334,13.0,6.1,63.0,0.0,,310.0,4.0,,1021.0,,2.0
2025-01-29 17:00:00,835.5,56.4,70.2,69.06666666666666,11.0,6.9,76.0,0.0,,80.0,7.0,,1020.0,,2.0
2025-01-29 18:00:00,602.5,44.949999999999996,71.15,70.66666666666667,13.0,6.1,63.0,0.0,,130.0,4.0,,1020.0,,2.0
2025-01-29 19:00:00,593.0,41.199999999999996,77.0,74.76666666666667,11.0,6.9,76.0,0.0,,50.0,4.0,,1019.0,,2.0
2025-01-29 20:00:00,573.5,40.8,77.95,76.10000000000001,11.0,6.9,76.0,0.0,,320.0,2.0,,1019.0,,2.0
2025-01-29 21:00:00,527.0,34.45,82.15,75.66666666666667,10.0,7.1,82.0,0.0,,110.0,4.0,,1018.0,,2.0
2025-01-29 22:00:00,641.0,32.65,93.5,82.66666666666667,11.0,8.0,82.0,0.0,,100.0,7.0,,1018.0,,3.0
2025-01-29 23:00:00,678.5,34.2,88.35,81.2,12.0,7.1,72.0,0.0,,70.0,2.0,,1018.0,,2.0
2025-01-30 00:00:00,622.5,32.35,68.6,66.83333333333333,13.0,8.1,72.0,0.0,,360.0,4.0,,1018.0,,2.0
2025-01-30 01:00:00,604.5,31.05,58.650000000000006,61.53333333333333,15.0,8.0,63.0,0.0,,290.0,6.0,,1020.0,,2.0
2025-01-30 02:00:00,659.5,31.799999999999997,57.75,57.333333333333336,17.0,7.1,52.0,0.0,,189.0,4.0,,1019.0,,2.0
2025-01-30 03:00:00,576.5,32.25,55.2,54.1,19.0,8.0,49.0,0.0,,100.0,6.0,,1019.0,,2.0
2025-01-30 04:00:00,371.0,28.95,32.2,31.833333333333332,20.0,9.0,49.0,0.0,,264.0,9.0,,1018.0,,2.0
2025-01-30 05:00:00,365.0,30.65,26.3,26.366666666666664,22.0,8.8,43.0,0.0,,130.0,17.0,,1016.0,,2.0
2025-01-30 06:00:00,331.0,31.2,25.05,29.0,22.0,8.8,43.0,0.0,,150.0,15.0,,1016.0,,2.0
2025-01-30 07:00:00,423.5,34.9,23.549999999999997,23.633333333333336,23.0,11.1,47.0,0.0,,170.0,19.0,,1013.0,,2.0
2025-01-30 08:00:00,483.0,40.05,24.049999999999997,22.733333333333334,23.0,12.0,50.0,0.0,,150.0,17.0,,1012.0,,2.0
2025-01-30 09:00:00,547.5,43.55,27.65,25.666666666666668,23.0,12.0,50.0,0.0,,130.0,20.0,,1012.0,,3.0
2025-01-30 10:00:00,532.0,48.05,27.299999999999997,25.96666666666667,21.0,12.9,60.0,0.0,,120.0,15.0,,1012.0,,3.0
2025-01-30 11:00:00,593.0,46.7,30.799999999999997,29.900000000000002,20.0,13.0,64.0,0.0,,120.0,19.0,,1012.0,,3.0
2025-01-30 12:00:00,504.5,46.55,35.900000000000006,37.199999999999996,20.0,13.9,68.0,0.0,,120.0,17.0,,1013.0,,2.0
2025-01-30 13:00:00,446.5,47.1,39.7,36.36666666666667,19.0,15.1,78.0,0.0,,110.0,17.0,,1013.0,,2.0
2025-01-30 14:00:00,373.5,47.75,32.45,31.833333333333332,19.0,15.1,78.0,0.0,,110.0,17.0,,1014.0,,2.0
2025-01-30 15:00:00,292.0,35.800000000000004,27.9,24.099999999999998,19.0,15.1,78.0,0.0,,110.0,17.0,,1014.0,,2.0
2025-01-30 16:00:00,228.5,27.099999999999998,26.75,23.233333333333334,19.0,15.1,78.0,0.0,,130.0,13.0,,1014.0,,2.0
2025-01-30 17:00:00,150.5,25.95,25.4,21.900000000000002,19.0,16.0,83.0,0.0,,120.0,15.0,,1014.0,,2.0
2025-01-30 18:00:00,118.95,25.150000000000002,26.0,19.566666666666666,18.0,16.0,88.0,0.0,,120.0,11.0,,1014.0,,3.0
2025-01-30 19:00:00,109.1,23.5,26.95,22.0,18.0,17.0,94.0,0.0,,120.0,9.0,,1013.0,,5.0
2025-01-30 20:00:00,67.85,20.4,24.0,19.933333333333334,18.0,17.0,94.0,0.0,,120.0,9.0,,1013.0,,5.0
2025-01-30 21:00:00,62.6,18.45,24.9,19.7,18.0,17.0,94.0,0.0,,110.0,7.0,,1013.0,,2.0
2025-01-30 22:00:00,62.2,17.9,27.700000000000003,22.0,18.0,17.0,94.0,0.0,,110.0,9.0,,1013.0,,2.0
2025-01-30 23:00:00,98.25,21.950000000000003,29.6,24.166666666666668,18.0,16.0,88.0,0.0,,120.0,13.0,,1013.0,,3.0
2025-01-31 00:00:00,169.0,27.75,29.799999999999997,21.4,18.0,16.0,88.0,0.0,,120.0,13.0,,1014.0,,3.0
2025-01-31 01:00:00,220.0,29.25,31.5,22.6,19.0,17.0,88.0,0.0,,130.0,13.0,,1015.0,,3.0
2025-01-31 02:00:00,340.5,33.6,38.6,32.300000000000004,19.0,17.0,88.0,0.0,,130.0,11.0,,1016.0,,3.0
2025-01-31 03:00:00,498.0,39.95,40.85,33.0,20.0,17.0,83.0,0.0,,130.0,11.0,,1015.0,,2.0
2025-01-31 04:00:00,524.0,57.6,43.7,44.85,21.0,17.0,78.0,0.0,,130.0,11.0,,1015.0,,2.0
2025-01-31 05:00:00,300.0,34.45,31.45,27.566666666666666,23.0,17.0,69.0,0.0,,150.0,15.0,,1013.0,,2.0
2025-01-31 06:00:00,293.5,32.0,27.95,23.099999999999998,23.0,17.0,69.0,0.0,,160.0,17.0,,1013.0,,2.0
2025-01-31 07:00:00,391.0,37.25,28.0,25.2,24.0,16.0,61.0,0.0,,170.0,20.0,,1010.0,,3.0
2025-01-31 08:00:00,420.5,38.6,29.15,25.266666666666666,25.0,15.9,57.0,0.0,,160.0,19.0,,1009.0,,3.0
2025-01-31 09:00:00,541.5,36.6,25.65,24.166666666666668,24.0,16.0,61.0,0.0,,150.0,19.0,,1009.0,,3.0
2025-01-31 10:00:00,624.0,40.3,19.15,18.533333333333335,23.0,17.0,69.0,0.0,,120.0,20.0,,1009.0,,3.0
2025-01-31 11:00:00,570.0,42.3,18.3,18.099999999999998,22.0,16.9,73.0,0.0,,120.0,17.0,,1010.0,,3.0
2025-01-31 12:00:00,447.5,39.55,16.7,32.300000000000004,21.0,17.0,78.0,0.0,,120.0,17.0,,1011.0,,2.0
2025-01-31 13:00:00,466.5,40.4,18.85,22.599999999999998,21.0,17.0,78.0,0.0,,120.0,15.0,,1011.0,,2.0
2025-01-31 14:00:00,385.0,36.2,19.0,17.366666666666667,20.0,17.0,83.0,0.0,,120.0,13.0,,1011.0,,2.0
2025-01-31 15:00:00,475.5,35.0,29.25,23.7,19.0,17.0,88.0,0.0,,110.0,11.0,,1012.0,,2.0
2025-01-31 16:00:00,432.0,26.8,35.05,28.0,20.0,18.0,88.0,0.0,,110.0,11.0,,1012.0,,2.0
2025-01-31 17:00:00,,,,,19.0,18.0,94.0,0.0,,110.0,11.0,,1012.0,,2.0
2025-01-31 18:00:00,,,,,18.0,17.0,94.0,0.0,,110.0,7.0,,1012.0,,3.0
2025-01-31 19:00:00,,,,,19.0,18.0,94.0,0.0,,90.0,9.0,,1011.0,,3.0
2025-01-31 20:00:00,,,,,19.0,18.0,94.0,0.0,,130.0,6.0,,1011.0,,3.0
2025-01-31 21:00:00,,,,,19.0,18.0,94.0,0.0,,130.0,6.0,,1011.0,,5.0
2025-01-31 22:00:00,,,,,19.0,18.0,94.0,0.2,,140.0,9.0,,1011.0,,5.0
2025-01-31 23:00:00,,,,,19.0,18.0,94.0,0.3,,120.0,7.0,,1012.0,,5.0
2025-02-01 00:00:00,,,,,19.0,18.0,94.0,0.4,,110.0,7.0,,1013.0,,3.0
