Date UTC,co (µg/m³),no2 (µg/m³),o3 (µg/m³),pm10 (µg/m³),pm25 (µg/m³),so2 (µg/m³),temp,dwpt,rhum,prcp,snow,wdir,wspd,wpgt,pres,tsun,coco
2024-12-31 17:00:00,2180.0,113.0,,116.0,81.2,,,,,,,,,,,,
2024-12-31 21:00:00,1820.0,89.6,,120.0,84.0,,,,,,,,,,,,
2024-12-31 23:00:00,1840.0,84.6,,140.0,97.8,,,,,,,,,,,,
2025-01-01 00:00:00,1720.0,89.3,,139.0,97.4,,12.0,11.1,94.0,0.0,,0.0,0.0,,1019.0,,5.0
2025-01-01 01:00:00,1390.0,92.6,,129.0,98.2,,14.0,13.0,94.0,0.0,,100.0,5.4,,1020.0,,5.0
2025-01-01 02:00:00,1390.0,87.6,,120.0,97.2,,17.0,12.9,77.0,0.0,,80.0,5.4,,1020.0,,5.0
2025-01-01 03:00:00,1430.0,76.3,,105.0,84.5,,19.0,12.0,64.0,0.0,,80.0,7.6,,1020.0,,5.0
2025-01-01 04:00:00,1230.0,56.8,,84.0,68.5,,21.0,12.9,60.0,0.0,,90.0,7.6,,1019.0,,5.0
2025-01-01 05:00:00,1160.0,65.9,,73.7,60.6,,23.0,11.1,47.0,0.0,,337.0,7.6,,1017.0,,5.0
2025-01-01 06:00:00,1460.0,77.6,,77.3,63.5,,23.0,11.1,47.0,0.0,,277.0,5.4,,1016.0,,2.0
2025-01-01 07:00:00,1150.0,71.7,,65.1,53.5,,25.0,11.9,44.0,0.0,,140.0,3.6,,1015.0,,2.0
2025-01-01 08:00:00,1360.0,83.5,,55.0,45.3,,24.0,12.0,47.0,0.0,,322.0,5.4,,1014.0,,2.0
2025-01-01 09:00:00,1510.0,96.0,,50.2,41.4,,24.0,11.0,44.0,0.0,,200.0,5.4,,1014.0,,2.0
2025-01-01 10:00:00,2190.0,111.0,,66.5,54.5,,23.0,12.0,50.0,0.0,,180.0,5.4,,1014.0,,5.0
2025-01-01 11:00:00,3510.0,175.0,,101.0,80.2,,22.0,12.0,53.0,0.0,,170.0,5.4,,1015.0,,1.0
2025-01-01 12:00:00,1780.0,118.0,,125.0,98.6,,19.0,13.0,68.0,0.0,,342.0,3.6,,1015.0,,5.0
2025-01-01 13:00:00,1580.0,115.0,,129.0,102.0,,18.0,13.1,73.0,0.0,,150.0,3.6,,1016.0,,5.0
2025-01-01 14:00:00,1310.0,108.0,,135.0,101.0,,19.0,14.1,73.0,0.0,,140.0,13.0,,1017.0,,5.0
2025-01-01 15:00:00,1280.0,91.0,,134.0,93.9,,18.0,14.1,78.0,0.0,,120.0,11.2,,1017.0,,5.0
2025-01-01 16:00:00,989.0,67.7,,126.0,88.2,,17.0,14.1,83.0,0.0,,100.0,7.6,,1017.0,,5.0
2025-01-01 17:00:00,883.0,62.6,,122.0,85.6,,16.0,14.0,88.0,0.0,,80.0,7.6,,1017.0,,5.0
2025-01-01 18:00:00,970.0,107.0,,114.0,79.7,,16.0,14.0,88.0,0.0,,90.0,7.6,,1018.0,,5.0
2025-01-01 19:00:00,919.0,105.0,,108.0,75.8,,16.0,15.0,94.0,0.0,,60.0,7.6,,1018.0,,5.0
2025-01-01 20:00:00,827.0,91.4,,112.0,78.7,,16.0,14.0,88.0,0.0,,70.0,3.6,,1018.0,,5.0
2025-01-01 21:00:00,1080.0,87.6,,164.0,115.0,,15.0,14.0,94.0,0.0,,100.0,5.4,,1018.0,,5.0
2025-01-01 22:00:00,1170.0,78.8,,180.0,126.0,,16.0,14.0,88.0,0.0,,133.0,3.6,,1018.0,,5.0
2025-01-01 23:00:00,1200.0,78.0,,143.0,101.0,,15.0,14.0,94.0,0.0,,0.0,0.0,,1018.0,,5.0
2025-01-02 00:00:00,1750.0,88.2,,146.0,102.0,,14.0,13.0,94.0,0.0,,90.0,7.6,,1019.0,,5.0
2025-01-02 01:00:00,2090.0,103.0,,151.0,110.0,,17.0,15.0,88.0,0.0,,70.0,7.6,,1020.0,,5.0
2025-01-02 02:00:00,1800.0,79.3,,157.0,123.0,,20.0,15.0,73.0,0.0,,70.0,9.4,,1021.0,,5.0
2025-01-02 03:00:00,1380.0,68.9,,109.0,87.7,,21.0,12.9,60.0,0.0,,40.0,9.4,,1021.0,,5.0
2025-01-02 04:00:00,1190.0,60.8,,70.5,56.5,,22.0,12.0,53.0,0.0,,30.0,5.4,,1020.0,,5.0
2025-01-02 05:00:00,1070.0,65.6,,59.6,48.7,,23.0,11.1,47.0,0.0,,140.0,5.4,,1018.0,,2.0
2025-01-02 06:00:00,943.0,62.7,,60.2,49.3,,24.0,11.0,44.0,0.0,,340.0,3.6,,1017.0,,5.0
2025-01-02 07:00:00,1140.0,66.3,,60.0,49.6,,24.0,12.9,50.0,0.0,,300.0,7.6,,1017.0,,5.0
2025-01-02 08:00:00,1360.0,77.6,,69.3,56.9,,23.0,12.9,53.0,0.0,,290.0,9.4,,1016.0,,5.0
2025-01-02 09:00:00,2030.0,105.0,,95.1,77.2,,23.0,12.9,53.0,0.0,,290.0,5.4,,1016.0,,5.0
2025-01-02 10:00:00,2970.0,134.0,,122.0,97.5,,23.0,12.9,53.0,0.0,,290.0,7.6,,1017.0,,5.0
2025-01-02 11:00:00,3950.0,161.0,,125.0,99.8,,21.0,12.9,60.0,0.0,,310.0,7.6,,1017.0,,5.0
2025-01-02 12:00:00,3570.0,181.0,,126.0,102.0,,20.0,13.0,64.0,0.0,,340.0,5.4,,1018.0,,5.0
2025-01-02 13:00:00,3090.0,182.0,,136.0,108.0,,19.0,14.1,73.0,0.0,,320.0,5.4,,1019.0,,5.0
2025-01-02 14:00:00,2460.0,197.0,,161.0,125.0,,20.0,13.9,68.0,0.0,,310.0,3.6,,1020.0,,5.0
2025-01-02 15:00:00,1520.0,119.0,,114.0,90.2,,20.0,13.0,64.0,0.0,,120.0,13.0,,1020.0,,5.0
2025-01-02 16:00:00,1730.0,101.0,,98.0,77.5,,20.0,13.0,64.0,0.0,,110.0,9.4,,1020.0,,5.0
2025-01-02 17:00:00,1720.0,97.3,,106.0,81.6,,20.0,13.9,68.0,0.0,,130.0,5.4,,1021.0,,5.0
2025-01-02 18:00:00,2180.0,107.0,,115.0,92.4,,20.0,13.9,68.0,0.0,,130.0,5.4,,1020.0,,3.0
2025-01-02 19:00:00,2310.0,118.0,,110.0,78.6,,18.0,15.1,83.0,0.0,,360.0,5.4,,1020.0,,5.0
2025-01-02 20:00:00,2710.0,113.0,,107.0,75.3,,17.0,14.1,83.0,0.0,,50.0,1.8,,1020.0,,5.0
2025-01-02 21:00:00,1630.0,116.0,,104.0,73.1,,16.0,14.0,88.0,0.0,,90.0,1.8,,1020.0,,5.0
2025-01-02 22:00:00,1640.0,109.0,,118.0,83.1,,15.0,14.0,94.0,0.0,,189.0,1.8,,1021.0,,5.0
2025-01-02 23:00:00,2150.0,102.0,,144.0,101.0,,15.0,13.0,88.0,0.0,,330.0,5.4,,1021.0,,5.0
2025-01-03 00:00:00,2460.0,105.0,,148.0,104.0,,15.0,13.0,88.0,0.0,,86.0,3.6,,1022.0,,5.0
2025-01-03 01:00:00,2210.0,127.0,,154.0,116.0,,16.0,14.0,88.0,0.0,,0.0,0.0,,1023.0,,5.0
2025-01-03 02:00:00,1810.0,134.0,,141.0,111.0,,19.0,15.1,78.0,0.0,,54.0,3.6,,1023.0,,5.0
2025-01-03 03:00:00,1390.0,81.6,,80.5,65.0,,22.0,14.1,61.0,0.0,,20.0,5.4,,1023.0,,5.0
2025-01-03 04:00:00,1290.0,69.8,,61.0,50.7,,24.0,12.0,47.0,0.0,,40.0,13.0,,1022.0,,2.0
2025-01-03 05:00:00,1140.0,73.3,,53.8,44.0,,24.0,11.0,44.0,0.0,,20.0,11.2,,1021.0,,2.0
2025-01-03 06:00:00,1040.0,66.1,,44.1,36.5,,26.0,10.2,37.0,0.0,,40.0,7.6,,1019.0,,2.0
2025-01-03 07:00:00,1020.0,67.2,,36.4,29.9,,26.0,10.2,37.0,0.0,,350.0,9.4,,1018.0,,2.0
2025-01-03 08:00:00,966.0,64.9,,34.0,28.0,,26.0,8.9,34.0,0.0,,30.0,9.4,,1017.0,,2.0
2025-01-03 09:00:00,1470.0,78.9,,37.5,30.6,,26.0,10.2,37.0,0.0,,20.0,7.6,,1017.0,,2.0
2025-01-03 10:00:00,3000.0,116.0,,49.1,40.4,,25.0,8.9,36.0,0.0,,100.0,3.6,,1017.0,,2.0
2025-01-03 11:00:00,8150.0,211.0,,62.0,48.9,,22.0,10.2,47.0,0.0,,0.0,0.0,,1017.0,,1.0
2025-01-03 12:00:00,8690.0,242.0,,75.8,59.7,,22.0,11.1,50.0,0.0,,320.0,3.6,,1018.0,,1.0
2025-01-03 13:00:00,1140.0,110.0,,75.8,58.4,,19.0,12.0,64.0,0.0,,17.0,3.6,,1018.0,,5.0
2025-01-03 14:00:00,1070.0,119.0,,63.5,50.4,,19.0,12.0,64.0,0.0,,120.0,13.0,,1019.0,,1.0
2025-01-03 15:00:00,914.0,88.4,,64.2,49.9,,19.0,11.1,60.0,0.0,,160.0,11.2,,1019.0,,1.0
2025-01-03 16:00:00,811.0,90.1,,53.7,42.6,,18.0,11.1,64.0,0.0,,150.0,9.4,,1019.0,,1.0
2025-01-03 17:00:00,673.0,83.7,,46.5,37.1,,17.0,11.1,68.0,0.0,,100.0,5.4,,1019.0,,2.0
2025-01-03 18:00:00,1120.0,79.0,,48.2,38.0,,16.0,12.0,77.0,0.0,,40.0,5.4,,1019.0,,2.0
2025-01-03 19:00:00,2030.0,83.0,,52.3,41.8,,16.0,12.0,77.0,0.0,,8.0,3.6,,1018.0,,2.0
2025-01-03 20:00:00,2690.0,67.8,,54.5,44.2,,14.0,11.0,82.0,0.0,,70.0,3.6,,1018.0,,5.0
2025-01-03 21:00:00,2450.0,92.6,,60.2,46.7,,14.0,12.0,88.0,0.0,,0.0,0.0,,1018.0,,5.0
2025-01-03 22:00:00,1110.0,110.0,,91.2,64.3,,13.0,11.1,88.0,0.0,,110.0,3.6,,1019.0,,5.0
2025-01-03 23:00:00,1340.0,106.0,,110.0,77.1,,14.0,12.0,88.0,0.0,,90.0,5.4,,1020.0,,5.0
2025-01-04 00:00:00,1530.0,105.0,,120.0,84.3,,14.0,12.0,88.0,0.0,,70.0,5.4,,1021.0,,5.0
2025-01-04 01:00:00,1510.0,110.0,,133.0,101.0,,16.0,12.9,82.0,0.0,,80.0,5.4,,1021.0,,5.0
2025-01-04 02:00:00,1580.0,108.0,,121.0,95.9,,19.0,13.0,68.0,0.0,,60.0,9.4,,1021.0,,5.0
2025-01-04 03:00:00,1380.0,99.9,,101.0,79.4,,20.0,12.0,60.0,0.0,,40.0,5.4,,1021.0,,5.0
2025-01-04 04:00:00,1120.0,86.1,,80.0,64.2,,22.0,10.2,47.0,0.0,,70.0,7.6,,1020.0,,2.0
2025-01-04 05:00:00,1050.0,82.5,,62.0,49.9,,22.0,11.1,50.0,0.0,,130.0,9.4,,1019.0,,2.0
2025-01-04 06:00:00,1030.0,83.7,,51.6,41.4,,23.0,11.1,47.0,0.0,,170.0,7.6,,1017.0,,2.0
2025-01-04 07:00:00,774.0,65.8,,48.4,38.8,,24.0,11.0,44.0,0.0,,190.0,9.4,,1016.0,,2.0
2025-01-04 08:00:00,905.0,65.2,,50.9,41.0,,24.0,12.0,47.0,0.0,,160.0,7.6,,1016.0,,2.0
2025-01-04 09:00:00,1360.0,96.9,,52.1,41.5,,24.0,11.0,44.0,0.0,,190.0,13.0,,1015.0,,2.0
2025-01-04 10:00:00,1840.0,122.0,,49.9,38.7,,23.0,11.1,47.0,0.0,,170.0,9.4,,1015.0,,2.0
2025-01-04 11:00:00,1320.0,108.0,,51.0,38.6,,21.0,11.9,56.0,0.0,,130.0,9.4,,1017.0,,2.0
2025-01-04 12:00:00,1130.0,117.0,,55.4,43.0,,21.0,11.1,53.0,0.0,,130.0,16.6,,1018.0,,2.0
2025-01-04 13:00:00,969.0,117.0,,58.5,45.2,,20.0,11.0,56.0,0.0,,130.0,14.8,,1019.0,,2.0
2025-01-04 14:00:00,921.0,117.0,,65.8,50.8,,18.0,12.0,68.0,0.0,,130.0,13.0,,1021.0,,2.0
2025-01-04 15:00:00,894.0,108.0,,68.3,53.7,,18.0,13.1,73.0,0.0,,120.0,11.2,,1022.0,,2.0
2025-01-04 16:00:00,703.0,78.4,,65.7,51.5,,18.0,13.1,73.0,0.0,,170.0,3.6,,1022.0,,2.0
2025-01-04 17:00:00,726.0,78.6,,74.7,58.1,,18.0,13.1,73.0,0.0,,190.0,7.6,,1022.0,,2.0
2025-01-04 18:00:00,715.0,67.1,,68.4,50.1,,16.0,12.9,82.0,0.0,,360.0,7.6,,1022.0,,5.0
2025-01-04 19:00:00,915.0,101.0,,70.7,50.0,,16.0,12.0,77.0,0.0,,300.0,3.6,,1022.0,,5.0
2025-01-04 20:00:00,819.0,117.0,,75.1,53.1,,15.0,13.0,88.0,0.0,,0.0,0.0,,1022.0,,5.0
2025-01-04 21:00:00,984.0,103.0,,85.3,60.2,,14.0,13.0,94.0,0.0,,70.0,3.6,,1022.0,,5.0
2025-01-04 22:00:00,1500.0,116.0,,90.9,64.0,,16.0,12.9,82.0,0.0,,340.0,3.6,,1023.0,,5.0
2025-01-04 23:00:00,1990.0,120.0,,96.8,68.1,,15.0,12.0,82.0,0.0,,320.0,1.8,,1023.0,,5.0
2025-01-05 00:00:00,1890.0,125.0,,92.2,65.0,,15.0,12.0,82.0,0.0,,310.0,3.6,,1023.0,,5.0
2025-01-05 01:00:00,1320.0,123.0,,102.0,79.7,,16.0,12.9,82.0,0.0,,290.0,7.6,,1024.0,,5.0
2025-01-05 02:00:00,1240.0,88.6,,98.3,77.9,,19.0,13.0,68.0,0.0,,310.0,9.4,,1024.0,,5.0
2025-01-05 03:00:00,1090.0,75.7,,78.2,62.8,,21.0,11.1,53.0,0.0,,290.0,7.6,,1023.0,,2.0
2025-01-05 04:00:00,1080.0,68.9,,63.2,50.0,,22.0,8.8,43.0,0.0,,310.0,5.4,,1022.0,,2.0
2025-01-05 05:00:00,969.0,59.1,,56.3,45.2,,23.0,7.9,38.0,0.0,,300.0,5.4,,1021.0,,2.0
2025-01-05 06:00:00,902.0,58.0,,57.5,46.1,,24.0,7.2,34.0,0.0,,250.0,9.4,,1019.0,,2.0
2025-01-05 07:00:00,960.0,60.7,,54.2,43.7,,24.0,9.2,39.0,0.0,,260.0,9.4,,1018.0,,2.0
2025-01-05 08:00:00,960.0,61.3,,51.1,41.5,,24.0,9.2,39.0,0.0,,300.0,5.4,,1017.0,,2.0
2025-01-05 09:00:00,1250.0,71.1,,52.0,41.9,,24.0,9.2,39.0,0.0,,270.0,13.0,,1017.0,,1.0
2025-01-05 10:00:00,2190.0,94.6,,53.4,42.8,,23.0,9.0,41.0,0.0,,290.0,9.4,,1017.0,,1.0
2025-01-05 11:00:00,3690.0,135.0,,63.3,50.5,,22.0,8.8,43.0,0.0,,230.0,5.4,,1017.0,,1.0
2025-01-05 12:00:00,4530.0,190.0,,77.0,60.2,,21.0,8.9,46.0,0.0,,240.0,7.6,,1017.0,,1.0
2025-01-05 13:00:00,5790.0,226.0,,76.9,60.1,,19.0,10.0,56.0,0.0,,300.0,1.8,,1018.0,,5.0
2025-01-05 14:00:00,5590.0,240.0,,99.3,77.0,,18.0,10.1,60.0,0.0,,310.0,3.6,,1018.0,,5.0
2025-01-05 15:00:00,1800.0,138.0,,106.0,83.6,,17.0,11.9,72.0,0.0,,34.0,1.8,,1019.0,,5.0
2025-01-05 16:00:00,1750.0,104.0,,111.0,87.6,,17.0,11.1,68.0,0.0,,100.0,11.2,,1018.0,,5.0
2025-01-05 17:00:00,1360.0,94.8,,83.7,66.9,,17.0,11.1,68.0,0.0,,120.0,13.0,,1018.0,,5.0
2025-01-05 18:00:00,1160.0,90.4,,96.4,76.7,,17.0,11.1,68.0,0.0,,130.0,9.4,,1018.0,,5.0
2025-01-05 19:00:00,881.0,77.3,,81.9,65.6,,15.0,11.0,77.0,0.0,,70.0,7.6,,1018.0,,5.0
2025-01-05 20:00:00,753.0,77.4,,97.1,73.3,,14.0,11.0,82.0,0.0,,70.0,9.4,,1018.0,,5.0
2025-01-05 21:00:00,866.0,89.3,,94.1,66.3,,14.0,11.0,82.0,0.0,,60.0,7.6,,1018.0,,5.0
2025-01-05 22:00:00,979.0,110.0,,114.0,79.8,,14.0,11.0,82.0,0.0,,70.0,9.4,,1018.0,,5.0
2025-01-05 23:00:00,1300.0,125.0,,131.0,91.6,,13.0,11.1,88.0,0.0,,60.0,7.6,,1019.0,,5.0
2025-01-06 00:00:00,2500.0,152.0,,125.0,87.4,,14.0,11.0,82.0,0.0,,70.0,5.4,,1020.0,,5.0
2025-01-06 01:00:00,2210.0,154.0,,130.0,101.0,,15.0,12.0,82.0,0.0,,70.0,7.6,,1021.0,,5.0
2025-01-06 02:00:00,1450.0,122.0,,94.7,74.3,,18.0,11.1,64.0,0.0,,70.0,9.4,,1021.0,,5.0
2025-01-06 03:00:00,1180.0,109.0,,78.1,62.8,,20.0,10.1,53.0,0.0,,80.0,7.6,,1021.0,,5.0
2025-01-06 04:00:00,1310.0,96.5,,73.6,59.1,,22.0,8.1,41.0,0.0,,80.0,11.2,,1020.0,,2.0
2025-01-06 05:00:00,1060.0,83.9,,71.3,56.8,,23.0,7.9,38.0,0.0,,117.0,7.6,,1019.0,,2.0
2025-01-06 06:00:00,1310.0,93.1,,71.9,57.1,,23.0,7.9,38.0,0.0,,110.0,7.6,,1017.0,,2.0
2025-01-06 07:00:00,1170.0,86.5,,64.9,51.5,,24.0,8.0,36.0,0.0,,258.0,3.6,,1015.0,,1.0
2025-01-06 08:00:00,1020.0,75.5,,58.7,46.7,,24.0,8.0,36.0,0.0,,130.0,7.6,,1015.0,,1.0
2025-01-06 09:00:00,1480.0,96.7,,68.3,53.8,,24.0,8.0,36.0,0.0,,160.0,5.4,,1015.0,,1.0
2025-01-06 10:00:00,2880.0,140.0,,73.1,57.2,,23.0,9.0,41.0,0.0,,180.0,7.6,,1015.0,,5.0
2025-01-06 11:00:00,3310.0,182.0,,97.0,75.6,,21.0,8.9,46.0,0.0,,100.0,7.6,,1016.0,,5.0
2025-01-06 12:00:00,1960.0,163.0,,99.8,77.2,,19.0,8.9,52.0,0.0,,90.0,5.4,,1017.0,,5.0
2025-01-06 13:00:00,933.0,101.0,,88.3,69.5,,18.0,11.1,64.0,0.0,,120.0,3.6,,1017.0,,5.0
2025-01-06 14:00:00,819.0,90.0,,86.3,67.9,,19.0,12.0,64.0,0.0,,130.0,16.6,,1017.0,,5.0
2025-01-06 15:00:00,821.0,81.8,,76.5,58.2,,18.0,13.1,73.0,0.0,,140.0,11.2,,1017.0,,1.0
2025-01-06 16:00:00,820.0,85.7,,78.0,55.1,,16.0,12.9,82.0,0.0,,100.0,5.4,,1017.0,,5.0
2025-01-06 17:00:00,662.0,72.0,,84.0,59.3,,15.0,13.0,88.0,0.0,,60.0,3.6,,1017.0,,5.0
2025-01-06 18:00:00,694.0,78.9,,118.0,82.8,,15.0,13.0,88.0,0.0,,60.0,1.8,,1017.0,,5.0
2025-01-06 19:00:00,602.0,61.1,,88.4,62.2,,15.0,13.0,88.0,0.0,,70.0,5.4,,1017.0,,5.0
2025-01-06 20:00:00,588.0,61.8,,82.8,58.4,,14.0,12.0,88.0,0.0,,70.0,7.6,,1017.0,,5.0
2025-01-06 21:00:00,753.0,91.4,,146.0,102.0,,14.0,12.0,88.0,0.0,,80.0,7.6,,1017.0,,5.0
2025-01-06 22:00:00,805.0,102.0,,110.0,77.3,,14.0,12.0,88.0,0.0,,110.0,5.4,,1017.0,,5.0
2025-01-06 23:00:00,1050.0,93.6,,118.0,83.0,,13.0,12.1,94.0,0.0,,100.0,5.4,,1018.0,,5.0
2025-01-07 00:00:00,1620.0,109.0,,143.0,103.0,,14.0,13.0,94.0,0.0,,90.0,5.4,,1019.0,,5.0
2025-01-07 01:00:00,1680.0,120.0,,149.0,117.0,,16.0,12.9,82.0,0.0,,80.0,3.6,,1020.0,,5.0
2025-01-07 02:00:00,1490.0,112.0,,139.0,110.0,,18.0,13.1,73.0,0.0,,60.0,5.4,,1020.0,,5.0
2025-01-07 03:00:00,1370.0,109.0,,109.0,86.9,,19.0,11.1,60.0,0.0,,60.0,11.2,,1020.0,,5.0
2025-01-07 04:00:00,1250.0,108.0,,87.6,69.9,,20.0,10.1,53.0,0.0,,20.0,9.4,,1019.0,,5.0
2025-01-07 05:00:00,1370.0,117.0,,90.9,73.8,,21.0,11.1,53.0,0.0,,348.0,5.4,,1019.0,,5.0
2025-01-07 06:00:00,1140.0,112.0,,92.5,75.2,,21.0,11.9,56.0,0.0,,20.0,5.4,,1017.0,,5.0
2025-01-07 07:00:00,1000.0,94.5,,84.2,67.5,,23.0,12.0,50.0,0.0,,100.0,9.4,,1016.0,,5.0
2025-01-07 08:00:00,1070.0,96.7,,79.7,63.3,,22.0,12.0,53.0,0.0,,110.0,7.6,,1015.0,,5.0
2025-01-07 09:00:00,1350.0,90.1,,78.6,62.7,,22.0,12.0,53.0,0.0,,80.0,5.4,,1015.0,,5.0
2025-01-07 10:00:00,1910.0,101.0,,85.2,68.4,,21.0,11.9,56.0,0.0,,80.0,3.6,,1015.0,,5.0
2025-01-07 11:00:00,2000.0,119.0,,83.4,65.3,,21.0,12.9,60.0,0.0,,20.0,3.6,,1016.0,,5.0
2025-01-07 12:00:00,1220.0,91.9,,63.1,44.7,,20.0,13.9,68.0,0.0,,100.0,1.8,,1017.0,,5.0
2025-01-07 13:00:00,1000.0,84.3,,67.8,48.0,,20.0,15.0,73.0,0.0,,140.0,7.6,,1017.0,,5.0
2025-01-07 14:00:00,785.0,73.3,,65.1,46.1,,19.0,16.0,83.0,0.0,,150.0,7.6,,1018.0,,5.0
2025-01-07 15:00:00,859.0,69.5,,65.3,46.3,,19.0,16.0,83.0,0.0,,150.0,11.2,,1018.0,,5.0
2025-01-07 16:00:00,665.0,61.8,,65.0,46.0,,19.0,16.0,83.0,0.0,,170.0,11.2,,1018.0,,5.0
2025-01-07 17:00:00,539.0,57.7,,61.5,43.7,,19.0,16.0,83.0,0.0,,140.0,9.4,,1017.0,,5.0
2025-01-07 18:00:00,540.0,57.7,,69.6,49.2,,18.0,16.0,88.0,0.0,,100.0,7.6,,1017.0,,5.0
2025-01-07 19:00:00,435.0,53.4,,61.7,43.7,,18.0,16.0,88.0,0.0,,90.0,5.4,,1017.0,,5.0
2025-01-07 20:00:00,465.0,54.2,,75.0,53.0,,18.0,16.0,88.0,0.0,,90.0,7.6,,1017.0,,5.0
2025-01-07 21:00:00,461.0,67.9,,88.8,62.6,,18.0,15.1,83.0,0.0,,100.0,7.0,,1017.0,,5.0
2025-01-07 22:00:00,682.0,99.5,,75.0,53.0,,18.0,15.1,83.0,0.0,,50.0,3.6,,1017.0,,5.0
2025-01-07 23:00:00,1020.0,114.0,,93.9,66.1,,17.0,15.0,88.0,0.0,,50.0,7.6,,1018.0,,5.0
2025-01-08 00:00:00,1500.0,112.0,,103.0,72.7,,17.0,15.0,88.0,0.0,,40.0,11.2,,1019.0,,5.0
2025-01-08 01:00:00,1490.0,103.0,,92.8,66.1,,18.0,15.1,83.0,0.0,,50.0,9.4,,1020.0,,5.0
2025-01-08 02:00:00,1160.0,95.8,,78.5,61.0,,19.0,15.1,78.0,0.0,,50.0,9.4,,1020.0,,3.0
2025-01-08 03:00:00,1180.0,98.4,,66.6,52.7,,20.0,15.0,73.0,0.0,,70.0,14.8,,1020.0,,3.0
2025-01-08 04:00:00,1090.0,101.0,,63.7,49.8,,21.0,15.1,69.0,0.0,,80.0,13.0,,1019.0,,2.0
2025-01-08 05:00:00,911.0,81.8,,54.0,42.6,,23.0,15.1,61.0,0.0,,100.0,9.4,,1019.0,,2.0
2025-01-08 06:00:00,894.0,78.4,,58.9,46.2,,23.0,15.1,61.0,0.0,,90.0,11.2,,1017.0,,3.0
2025-01-08 07:00:00,973.0,83.6,,57.2,43.6,,23.0,14.0,57.0,0.0,,120.0,9.4,,1016.0,,3.0
2025-01-08 08:00:00,1090.0,95.5,,59.0,44.2,,24.0,15.0,57.0,0.0,,110.0,9.4,,1016.0,,3.0
2025-01-08 09:00:00,1520.0,107.0,,55.0,41.1,,23.0,15.1,61.0,0.0,,120.0,13.0,,1016.0,,3.0
2025-01-08 10:00:00,1780.0,113.0,,59.3,44.0,,22.0,15.1,65.0,0.0,,140.0,16.6,,1016.0,,3.0
2025-01-08 11:00:00,1950.0,123.0,,63.9,49.3,,22.0,15.1,65.0,0.0,,130.0,13.0,,1017.0,,3.0
2025-01-08 12:00:00,1470.0,122.0,,60.4,45.0,,21.0,15.1,69.0,0.0,,110.0,14.8,,1018.0,,3.0
2025-01-08 13:00:00,942.0,101.0,,61.9,46.2,,20.0,15.0,73.0,0.0,,120.0,13.0,,1019.0,,2.0
2025-01-08 14:00:00,798.0,79.9,,50.7,36.7,,20.0,15.0,73.0,0.0,,130.0,11.2,,1020.0,,2.0
2025-01-08 15:00:00,817.0,78.8,,52.8,37.6,,20.0,15.0,73.0,0.0,,150.0,7.6,,1020.0,,2.0
2025-01-08 16:00:00,737.0,73.0,,49.9,36.4,,20.0,15.0,73.0,0.0,,130.0,7.6,,1020.0,,2.0
2025-01-08 17:00:00,588.0,66.2,,57.5,43.8,,19.0,15.1,78.0,0.0,,60.0,5.4,,1020.0,,2.0
2025-01-08 18:00:00,581.0,68.7,,66.1,48.3,,19.0,15.1,78.0,0.0,,90.0,7.6,,1020.0,,5.0
2025-01-08 19:00:00,592.0,75.5,,71.0,50.2,,18.0,14.1,78.0,0.0,,100.0,5.4,,1019.0,,5.0
2025-01-08 20:00:00,588.0,78.2,,80.9,57.1,,17.0,14.1,83.0,0.0,,80.0,5.4,,1019.0,,5.0
2025-01-08 21:00:00,703.0,81.6,,75.8,58.6,,18.0,14.1,78.0,0.0,,50.0,5.4,,1019.0,,5.0
2025-01-08 22:00:00,733.0,70.3,,72.6,58.2,,17.0,11.9,72.0,0.0,,60.0,7.6,,1019.0,,3.0
2025-01-08 23:00:00,814.0,68.8,,69.7,56.3,,17.0,11.1,68.0,0.0,,70.0,11.2,,1020.0,,3.0
2025-01-09 00:00:00,1220.0,88.9,,72.6,58.0,,17.0,11.1,68.0,0.0,,80.0,11.2,,1021.0,,5.0
2025-01-09 01:00:00,1410.0,101.0,,79.5,61.7,,18.0,12.0,68.0,0.0,,80.0,13.0,,1022.0,,5.0
2025-01-09 02:00:00,1220.0,90.9,,71.9,56.4,,18.0,11.1,64.0,0.0,,70.0,14.8,,1023.0,,5.0
2025-01-09 03:00:00,1160.0,78.0,,72.8,57.5,,19.0,10.0,56.0,0.0,,50.0,18.4,,1023.0,,2.0
2025-01-09 04:00:00,1180.0,77.3,,70.8,56.6,,20.0,10.1,53.0,0.0,,60.0,16.6,,1022.0,,2.0
2025-01-09 05:00:00,1130.0,76.0,,67.6,53.7,,21.0,9.9,49.0,0.0,,50.0,14.8,,1022.0,,3.0
2025-01-09 06:00:00,1020.0,74.6,,64.8,50.8,,22.0,8.8,43.0,0.0,,40.0,14.8,,1020.0,,3.0
2025-01-09 07:00:00,1100.0,76.0,,59.5,46.5,,23.0,10.1,44.0,0.0,,70.0,14.8,,1019.0,,3.0
2025-01-09 08:00:00,1120.0,77.4,,53.7,42.5,,23.0,10.1,44.0,0.0,,50.0,13.0,,1019.0,,3.0
2025-01-09 09:00:00,1500.0,90.5,,53.3,41.7,,22.0,11.1,50.0,0.0,,50.0,13.0,,1020.0,,3.0
2025-01-09 10:00:00,1640.0,103.0,,58.5,45.4,,22.0,10.2,47.0,0.0,,30.0,13.0,,1020.0,,3.0
2025-01-09 11:00:00,1360.0,89.0,,69.0,54.6,,21.0,9.9,49.0,0.0,,20.0,18.4,,1022.0,,3.0
2025-01-09 12:00:00,946.0,77.8,,58.2,44.8,,20.0,9.0,49.0,0.0,,20.0,18.4,,1023.0,,3.0
2025-01-09 13:00:00,707.0,69.2,,49.6,38.8,,19.0,8.0,49.0,0.0,,40.0,20.5,,1023.0,,3.0
2025-01-09 14:00:00,619.0,66.9,,43.4,33.9,,19.0,8.0,49.0,0.0,,40.0,20.5,,1025.0,,3.0
2025-01-09 15:00:00,586.0,66.3,,38.4,29.9,,18.0,7.1,49.0,0.0,,40.0,20.5,,1026.0,,2.0
2025-01-09 16:00:00,461.0,59.0,,30.0,23.6,,17.0,7.9,55.0,0.0,,20.0,20.5,,1026.0,,3.0
2025-01-09 17:00:00,390.0,52.0,,24.1,18.8,,17.0,7.1,52.0,0.0,,30.0,20.5,,1027.0,,3.0
2025-01-09 18:00:00,352.0,51.3,,21.9,16.9,,16.0,7.0,55.0,0.0,,30.0,20.5,,1027.0,,3.0
2025-01-09 19:00:00,338.0,45.9,,19.7,15.9,,16.0,7.0,55.0,0.0,,20.0,16.6,,1027.0,,3.0
2025-01-09 20:00:00,326.0,44.9,,16.1,13.4,,16.0,6.1,52.0,0.0,,10.0,13.0,,1027.0,,3.0
2025-01-09 21:00:00,319.0,46.4,,13.4,11.4,,16.0,6.1,52.0,0.0,,10.0,20.0,,1027.0,,3.0
2025-01-09 22:00:00,339.0,49.3,,13.6,11.8,,16.0,6.1,52.0,0.0,,20.0,16.6,,1027.0,,3.0
2025-01-09 23:00:00,411.0,53.8,,15.6,13.1,,15.0,6.0,55.0,0.0,,10.0,18.4,,1028.0,,3.0
2025-01-10 00:00:00,718.0,66.4,,16.6,13.4,,15.0,6.0,55.0,0.0,,20.0,18.4,,1029.0,,3.0
2025-01-10 01:00:00,723.0,70.7,,19.0,15.0,,15.0,4.9,51.0,0.0,,20.0,14.8,,1030.0,,3.0
2025-01-10 02:00:00,690.0,63.6,,19.7,15.7,,16.0,5.0,48.0,0.0,,20.0,18.4,,1031.0,,2.0
2025-01-10 03:00:00,699.0,62.2,,18.8,15.0,,16.0,5.0,48.0,0.0,,30.0,20.5,,1030.0,,2.0
2025-01-10 04:00:00,768.0,66.9,,19.1,15.5,,17.0,5.0,45.0,0.0,,50.0,14.8,,1029.0,,2.0
2025-01-10 05:00:00,712.0,62.5,17.4,19.7,16.3,,17.0,5.0,45.0,0.0,,40.0,18.4,,1029.0,,2.0
2025-01-10 06:00:00,665.0,59.2,,19.5,15.9,,17.0,5.9,48.0,0.0,,30.0,16.6,,1027.0,,3.0
2025-01-10 07:00:00,742.0,63.9,12.8,21.4,17.4,17.5,18.0,5.9,45.0,0.0,,50.0,14.8,,1026.0,,3.0
2025-01-10 08:00:00,810.0,73.4,14.5,22.1,17.3,20.3,18.0,5.9,45.0,0.0,,40.0,13.0,,1026.0,,3.0
2025-01-10 09:00:00,1080.0,82.9,10.8,23.3,17.8,44.6,18.0,4.9,42.0,0.0,,20.0,9.4,,1026.0,,3.0
2025-01-10 10:00:00,1830.0,103.0,3.65,37.9,29.2,77.1,17.0,7.9,55.0,0.0,,290.0,9.4,,1026.0,,3.0
2025-01-10 11:00:00,1530.0,104.0,14.4,36.0,28.2,100.0,17.0,7.9,55.0,0.0,,290.0,7.6,,1027.0,,3.0
2025-01-10 12:00:00,1220.0,109.0,8.69,42.4,33.2,130.0,16.0,8.0,59.0,0.0,,310.0,5.4,,1028.0,,2.0
2025-01-10 13:00:00,972.0,98.3,12.1,38.9,30.1,151.0,16.0,6.1,52.0,0.0,,80.0,7.6,,1028.0,,2.0
2025-01-10 14:00:00,859.0,103.0,,34.9,27.1,,16.0,7.0,55.0,0.0,,70.0,5.4,,1029.0,,2.0
2025-01-10 15:00:00,686.0,82.9,38.3,29.6,23.1,59.5,16.0,6.1,52.0,0.0,,80.0,5.4,,1029.0,,2.0
2025-01-10 16:00:00,597.0,86.2,4.55,45.1,34.2,122.0,16.0,6.1,52.0,0.0,,30.0,5.4,,1029.0,,2.0
2025-01-10 17:00:00,492.0,78.0,,25.5,20.1,,15.0,6.0,55.0,0.0,,60.0,9.4,,1030.0,,2.0
2025-01-10 18:00:00,432.0,72.4,15.2,31.5,24.6,84.5,15.0,6.0,55.0,0.0,,50.0,5.4,,1030.0,,3.0
2025-01-10 19:00:00,349.0,63.8,,32.8,25.8,,15.0,4.9,51.0,0.0,,50.0,11.2,,1029.0,,3.0
2025-01-10 20:00:00,358.0,62.4,,27.2,20.3,,16.0,4.1,45.0,0.0,,30.0,13.0,,1029.0,,3.0
2025-01-10 21:00:00,371.0,60.9,24.7,24.0,18.9,69.3,15.0,6.0,55.0,0.0,,360.0,7.6,,1029.0,,3.0
2025-01-10 22:00:00,354.0,62.8,7.15,21.9,17.6,139.0,15.0,4.9,51.0,0.0,,10.0,11.2,,1030.0,,3.0
2025-01-10 23:00:00,456.0,64.5,,20.0,16.2,,15.0,4.1,48.0,0.0,,10.0,18.4,,1030.0,,3.0
2025-01-11 00:00:00,544.0,70.5,,21.5,17.3,,15.0,4.1,48.0,0.0,,10.0,18.4,,1032.0,,2.0
2025-01-11 01:00:00,539.0,71.6,13.8,19.9,15.7,98.6,15.0,4.1,48.0,0.0,,20.0,16.6,,1033.0,,2.0
2025-01-11 02:00:00,570.0,70.7,6.19,22.0,16.9,142.0,15.0,4.1,48.0,0.0,,20.0,22.3,,1034.0,,2.0
2025-01-11 03:00:00,647.0,68.0,,23.2,17.8,,15.0,4.1,48.0,0.0,,30.0,22.3,,1034.0,,2.0
2025-01-11 04:00:00,665.0,64.3,19.9,22.3,17.2,70.0,16.0,5.0,48.0,0.0,,30.0,18.4,,1033.0,,2.0
2025-01-11 05:00:00,611.0,63.5,,22.2,17.2,,16.0,4.1,45.0,0.0,,10.0,16.6,,1032.0,,2.0
2025-01-11 06:00:00,596.0,64.9,,20.3,16.4,,17.0,5.0,45.0,0.0,,360.0,18.4,,1030.0,,2.0
2025-01-11 07:00:00,690.0,60.4,,19.2,15.1,,18.0,4.9,42.0,0.0,,360.0,14.8,,1029.0,,2.0
2025-01-11 08:00:00,731.0,74.2,29.3,19.2,15.3,81.9,19.0,4.0,37.0,0.0,,20.0,14.8,,1029.0,,3.0
2025-01-11 09:00:00,929.0,82.9,,23.1,18.4,,19.0,4.0,37.0,0.0,,310.0,11.2,,1029.0,,3.0
2025-01-11 10:00:00,1130.0,82.8,,33.2,26.3,,18.0,4.2,40.0,0.0,,330.0,14.8,,1029.0,,3.0
2025-01-11 11:00:00,1480.0,102.0,22.0,46.0,36.5,82.5,17.0,5.0,45.0,0.0,,360.0,5.4,,1029.0,,2.0
2025-01-11 12:00:00,1530.0,115.0,4.9,54.2,42.7,145.0,15.0,4.9,51.0,0.0,,300.0,9.4,,1029.0,,2.0
2025-01-11 13:00:00,944.0,90.3,,37.1,29.1,,15.0,7.1,59.0,0.0,,300.0,13.0,,1030.0,,2.0
2025-01-11 14:00:00,1110.0,107.0,,48.5,37.1,,14.0,7.1,63.0,0.0,,310.0,7.6,,1030.0,,2.0
2025-01-11 15:00:00,1300.0,113.0,15.5,55.8,43.0,85.7,13.0,6.1,63.0,0.0,,50.0,9.4,,1031.0,,2.0
2025-01-11 16:00:00,1060.0,114.0,,49.0,37.8,,12.0,6.1,67.0,0.0,,40.0,3.6,,1030.0,,1.0
2025-01-11 17:00:00,1110.0,119.0,,60.4,45.3,,11.0,5.9,71.0,0.0,,300.0,3.6,,1030.0,,2.0
2025-01-11 18:00:00,1260.0,111.0,,80.3,61.3,,11.0,6.9,76.0,0.0,,320.0,3.6,,1030.0,,2.0
2025-01-11 19:00:00,1210.0,106.0,,70.9,54.1,,10.0,6.0,76.0,0.0,,310.0,3.6,,1029.0,,2.0
2025-01-11 20:00:00,1050.0,102.0,,77.9,59.1,,9.0,6.1,82.0,0.0,,0.0,0.0,,1029.0,,2.0
2025-01-11 21:00:00,1330.0,92.8,,90.5,66.6,,9.0,6.1,82.0,0.0,,320.0,3.6,,1029.0,,5.0
2025-01-11 22:00:00,1280.0,94.0,,59.7,42.7,,9.0,6.1,82.0,0.0,,18.0,3.6,,1028.0,,3.0
2025-01-11 23:00:00,1310.0,82.6,,64.2,45.5,,9.0,6.1,82.0,0.0,,270.0,1.8,,1029.0,,2.0
2025-01-12 00:00:00,1320.0,86.1,,70.7,50.5,,9.0,6.1,82.0,0.0,,90.0,1.8,,1029.0,,5.0
2025-01-12 01:00:00,1260.0,101.0,,67.0,51.2,,11.0,8.0,82.0,0.0,,290.0,1.8,,1030.0,,5.0
2025-01-12 02:00:00,1040.0,108.0,,54.4,41.6,,14.0,6.1,59.0,0.0,,76.0,3.6,,1030.0,,2.0
2025-01-12 03:00:00,791.0,73.7,,31.2,24.6,,16.0,4.1,45.0,0.0,,73.0,5.4,,1030.0,,1.0
2025-01-12 04:00:00,699.0,60.2,,24.2,19.0,,19.0,-0.9,26.0,0.0,,20.0,16.6,,1029.0,,1.0
2025-01-12 05:00:00,590.0,54.6,,21.5,17.1,,20.0,-1.2,24.0,0.0,,40.0,9.4,,1028.0,,1.0
2025-01-12 06:00:00,576.0,54.9,,20.7,16.6,,20.0,-1.2,24.0,0.0,,140.0,11.2,,1025.0,,1.0
2025-01-12 07:00:00,545.0,56.3,,21.4,17.2,,21.0,-0.9,23.0,0.0,,48.0,9.4,,1024.0,,1.0
2025-01-12 08:00:00,655.0,61.8,,19.7,15.9,,20.0,-1.2,24.0,0.0,,100.0,7.6,,1023.0,,1.0
2025-01-12 09:00:00,790.0,66.8,,20.2,16.3,,20.0,-1.2,24.0,0.0,,120.0,3.6,,1023.0,,1.0
2025-01-12 10:00:00,918.0,79.7,,26.7,21.2,,19.0,-2.0,24.0,0.0,,150.0,9.4,,1023.0,,1.0
2025-01-12 11:00:00,1830.0,130.0,,36.7,28.0,,18.0,-0.8,28.0,0.0,,200.0,7.6,,1023.0,,1.0
2025-01-12 12:00:00,2520.0,173.0,,52.4,38.9,,17.0,0.2,32.0,0.0,,220.0,7.6,,1023.0,,1.0
2025-01-12 13:00:00,1910.0,155.0,,66.2,50.5,,14.0,1.9,44.0,0.0,,46.0,3.6,,1024.0,,1.0
2025-01-12 14:00:00,584.0,110.0,,50.2,37.9,,13.0,3.9,54.0,0.0,,90.0,3.6,,1024.0,,1.0
2025-01-12 15:00:00,840.0,118.0,,59.7,44.5,,14.0,4.0,51.0,0.0,,130.0,14.8,,1025.0,,1.0
2025-01-12 16:00:00,655.0,93.1,,61.6,47.0,,14.0,5.1,55.0,0.0,,140.0,7.6,,1025.0,,1.0
2025-01-12 17:00:00,569.0,98.6,,56.7,44.0,,10.0,5.0,71.0,0.0,,60.0,7.0,,1024.0,,1.0
2025-01-12 18:00:00,529.0,102.0,,44.7,35.1,,11.0,5.1,67.0,0.0,,70.0,5.4,,1024.0,,2.0
2025-01-12 19:00:00,981.0,101.0,7.58,35.8,27.2,106.0,10.0,6.0,76.0,0.0,,344.0,3.6,,1023.0,,2.0
2025-01-12 20:00:00,1290.0,114.0,20.1,68.2,51.5,127.0,10.0,6.0,76.0,0.0,,40.0,3.6,,1023.0,,5.0
2025-01-12 21:00:00,803.0,96.4,,115.0,87.4,124.0,9.0,6.1,82.0,0.0,,0.0,0.0,,1022.0,,5.0
2025-01-12 22:00:00,875.0,98.4,17.6,149.0,106.0,135.0,9.0,6.1,82.0,0.0,,0.0,0.0,,1023.0,,5.0
2025-01-12 23:00:00,1150.0,93.7,6.95,140.0,102.0,126.0,8.0,4.9,81.0,0.0,,100.0,5.4,,1023.0,,5.0
2025-01-13 00:00:00,1390.0,99.2,17.7,184.0,138.0,134.0,7.0,5.0,87.0,0.0,,90.0,5.4,,1024.0,,5.0
2025-01-13 01:00:00,1300.0,106.0,,122.0,93.4,127.0,11.0,5.9,71.0,0.0,,0.0,0.0,,1025.0,,5.0
2025-01-13 02:00:00,1200.0,104.0,,91.8,71.3,,15.0,6.0,55.0,0.0,,145.0,3.6,,1025.0,,1.0
2025-01-13 03:00:00,1180.0,105.0,,75.0,58.8,,17.0,5.0,45.0,0.0,,96.0,3.6,,1025.0,,1.0
2025-01-13 04:00:00,1080.0,93.4,,54.7,42.5,,19.0,4.0,37.0,0.0,,100.0,7.6,,1024.0,,1.0
2025-01-13 05:00:00,798.0,84.7,,48.1,38.0,,20.0,6.0,40.0,0.0,,90.0,9.4,,1022.0,,1.0
2025-01-13 06:00:00,634.0,73.8,,31.0,24.0,,20.0,6.0,40.0,0.0,,90.0,7.6,,1021.0,,2.0
2025-01-13 07:00:00,732.0,77.0,,29.4,22.5,,21.0,4.1,33.0,0.0,,180.0,3.6,,1020.0,,2.0
2025-01-13 08:00:00,701.0,76.2,,32.3,25.0,,21.0,5.0,35.0,0.0,,308.0,9.4,,1019.0,,2.0
2025-01-13 09:00:00,904.0,82.4,,32.7,24.9,,21.0,5.0,35.0,0.0,,180.0,7.6,,1019.0,,2.0
2025-01-13 10:00:00,1430.0,96.1,,32.7,25.3,,20.0,6.0,40.0,0.0,,220.0,7.6,,1019.0,,1.0
2025-01-13 11:00:00,2500.0,142.0,,44.0,34.3,,20.0,6.0,40.0,0.0,,169.0,3.6,,1019.0,,1.0
2025-01-13 12:00:00,2550.0,173.0,,62.2,48.7,,17.0,5.9,48.0,0.0,,70.0,3.6,,1020.0,,1.0
2025-01-13 13:00:00,1130.0,123.0,,52.9,40.0,,18.0,7.1,49.0,0.0,,140.0,7.6,,1020.0,,1.0
2025-01-13 14:00:00,619.0,97.7,,48.5,35.8,,17.0,8.9,59.0,0.0,,150.0,9.4,,1020.0,,1.0
2025-01-13 15:00:00,731.0,99.8,,43.4,31.0,,15.0,10.0,72.0,0.0,,140.0,9.4,,1021.0,,1.0
2025-01-13 16:00:00,579.0,93.0,,46.1,32.9,119.0,14.0,11.0,82.0,0.0,,120.0,7.6,,1021.0,,1.0
2025-01-13 17:00:00,530.0,90.2,,59.4,42.1,12.8,13.0,11.1,88.0,0.0,,60.0,5.4,,1021.0,,5.0
2025-01-13 18:00:00,532.0,102.0,,70.3,49.7,13.9,13.0,11.1,88.0,0.0,,50.0,5.4,,1020.0,,5.0
2025-01-13 19:00:00,403.0,76.6,,49.6,35.3,,13.0,11.1,88.0,0.0,,30.0,3.6,,1020.0,,5.0
2025-01-13 20:00:00,672.0,96.9,,70.3,49.7,76.9,13.0,11.1,88.0,0.0,,140.0,1.8,,1020.0,,5.0
2025-01-13 21:00:00,597.0,79.3,,67.4,48.0,114.0,12.0,11.1,94.0,0.0,,350.0,3.6,,1020.0,,5.0
2025-01-13 22:00:00,681.0,76.0,,57.0,41.3,123.0,12.0,11.1,94.0,0.0,,158.0,1.8,,1021.0,,5.0
2025-01-13 23:00:00,880.0,85.4,,73.5,52.0,145.0,12.0,10.1,88.0,0.0,,270.0,5.4,,1021.0,,5.0
2025-01-14 00:00:00,1480.0,98.7,,89.7,63.2,,12.0,10.1,88.0,0.0,,320.0,14.8,,1021.0,,5.0
2025-01-14 01:00:00,1690.0,108.0,,99.5,70.0,,13.0,11.1,88.0,0.0,,180.0,3.6,,1023.0,,5.0
2025-01-14 02:00:00,1120.0,84.6,,125.0,95.5,86.2,14.0,11.0,82.0,0.0,,200.0,7.6,,1024.0,,5.0
2025-01-14 03:00:00,955.0,80.6,34.5,93.1,72.3,,16.0,11.0,72.0,0.0,,280.0,5.4,,1023.0,,5.0
2025-01-14 04:00:00,981.0,78.3,18.9,80.5,62.8,21.4,19.0,11.1,60.0,0.0,,260.0,5.4,,1023.0,,2.0
2025-01-14 05:00:00,849.0,74.5,19.0,49.0,38.7,15.0,19.0,11.1,60.0,0.0,,328.0,3.6,,1022.0,,2.0
2025-01-14 06:00:00,639.0,59.3,17.0,43.9,35.1,14.1,21.0,11.1,53.0,0.0,,20.0,5.4,,1020.0,,2.0
2025-01-14 07:00:00,840.0,71.8,27.7,42.7,33.6,29.8,22.0,10.2,47.0,0.0,,279.0,5.4,,1019.0,,2.0
2025-01-14 08:00:00,991.0,84.3,24.1,40.6,31.8,28.7,22.0,10.2,47.0,0.0,,60.0,7.6,,1019.0,,2.0
2025-01-14 09:00:00,1540.0,110.0,21.8,39.1,30.1,37.8,23.0,11.1,47.0,0.0,,110.0,9.4,,1019.0,,2.0
2025-01-14 10:00:00,2680.0,146.0,8.43,47.1,36.7,58.7,21.0,9.9,49.0,0.0,,90.0,9.4,,1019.0,,2.0
2025-01-14 11:00:00,2970.0,168.0,6.29,61.0,48.2,95.5,20.0,10.1,53.0,0.0,,120.0,11.2,,1020.0,,1.0
2025-01-14 12:00:00,6110.0,195.0,6.85,71.4,56.5,119.0,18.0,10.1,60.0,0.0,,360.0,3.6,,1021.0,,1.0
2025-01-14 13:00:00,8040.0,210.0,,75.9,59.5,,16.0,11.0,72.0,0.0,,320.0,3.6,,1022.0,,1.0
2025-01-14 14:00:00,2420.0,158.0,16.6,93.0,69.8,73.0,16.0,11.0,72.0,0.0,,310.0,5.4,,1023.0,,2.0
2025-01-14 15:00:00,1180.0,107.0,,57.9,41.2,,16.0,11.0,72.0,0.0,,130.0,3.6,,1023.0,,2.0
2025-01-14 16:00:00,887.0,73.6,23.8,55.0,39.1,68.4,18.0,12.0,68.0,0.0,,110.0,9.4,,1023.0,,5.0
2025-01-14 17:00:00,917.0,105.0,,65.0,46.1,,18.0,14.1,78.0,0.0,,180.0,5.4,,1023.0,,5.0
2025-01-14 18:00:00,1010.0,83.1,,56.0,39.8,,16.0,12.0,77.0,0.0,,320.0,3.6,,1023.0,,5.0
2025-01-14 19:00:00,1600.0,119.0,,87.2,61.4,,16.0,12.0,77.0,0.0,,310.0,5.4,,1023.0,,3.0
2025-01-14 20:00:00,1150.0,116.0,5.21,99.3,69.9,129.0,15.0,12.0,82.0,0.0,,300.0,3.6,,1023.0,,5.0
2025-01-14 21:00:00,1020.0,105.0,,107.0,78.5,,16.0,12.0,77.0,0.1,,300.0,5.4,,1023.0,,5.0
2025-01-14 22:00:00,963.0,94.7,27.8,120.0,84.5,72.8,16.0,12.0,77.0,0.0,,300.0,7.6,,1024.0,,3.0
2025-01-14 23:00:00,1200.0,89.6,,129.0,90.2,,16.0,12.0,77.0,0.0,,270.0,5.4,,1024.0,,5.0
2025-01-15 00:00:00,2090.0,108.0,27.5,111.0,82.4,69.3,16.0,12.9,82.0,0.0,,280.0,7.6,,1025.0,,5.0
2025-01-15 01:00:00,1820.0,116.0,,102.0,79.5,,17.0,12.9,77.0,0.0,,84.0,3.6,,1027.0,,5.0
2025-01-15 02:00:00,1180.0,89.1,,65.3,50.5,,19.0,12.0,64.0,0.0,,30.0,1.8,,1027.0,,5.0
2025-01-15 03:00:00,745.0,61.2,,34.0,25.9,,21.0,8.9,46.0,0.0,,40.0,16.6,,1027.0,,2.0
2025-01-15 04:00:00,828.0,63.4,27.2,32.8,25.2,52.5,22.0,7.0,38.0,0.0,,30.0,16.6,,1026.0,,2.0
2025-01-15 05:00:00,1050.0,75.3,14.4,30.2,23.5,48.5,23.0,5.9,33.0,0.0,,20.0,14.8,,1025.0,,2.0
2025-01-15 06:00:00,816.0,66.9,11.5,27.8,21.7,81.6,23.0,5.9,33.0,0.0,,30.0,13.0,,1023.0,,2.0
2025-01-15 07:00:00,800.0,67.9,17.8,28.4,22.2,125.0,24.0,5.8,31.0,0.0,,20.0,7.6,,1023.0,,3.0
2025-01-15 08:00:00,1040.0,78.6,,32.7,25.6,,24.0,5.8,31.0,0.0,,80.0,7.0,,1022.0,,3.0
2025-01-15 09:00:00,1640.0,110.0,,36.1,27.5,,24.0,5.8,31.0,0.0,,60.0,11.2,,1022.0,,3.0
2025-01-15 10:00:00,2450.0,144.0,,37.3,28.6,,23.0,7.1,36.0,0.0,,100.0,11.2,,1023.0,,3.0
2025-01-15 11:00:00,1730.0,123.0,,61.7,48.5,,21.0,6.9,40.0,0.0,,110.0,13.0,,1023.0,,3.0
2025-01-15 12:00:00,1270.0,114.0,,82.1,65.2,,21.0,7.9,43.0,0.0,,110.0,14.8,,1024.0,,2.0
2025-01-15 13:00:00,1160.0,108.0,,87.7,70.2,,20.0,11.0,56.0,0.0,,160.0,9.4,,1025.0,,2.0
2025-01-15 14:00:00,1150.0,124.0,,87.3,68.8,,20.0,13.0,64.0,0.0,,150.0,11.2,,1025.0,,2.0
2025-01-15 15:00:00,1220.0,125.0,,86.5,69.2,,19.0,13.0,68.0,0.0,,70.0,7.6,,1025.0,,5.0
2025-01-15 16:00:00,1140.0,128.0,,92.6,73.4,,18.0,12.0,68.0,0.0,,50.0,3.6,,1026.0,,5.0
2025-01-15 17:00:00,1120.0,126.0,,102.0,81.0,,18.0,12.0,68.0,0.0,,40.0,7.6,,1026.0,,5.0
2025-01-15 18:00:00,1050.0,117.0,,132.0,102.0,,18.0,12.0,68.0,0.0,,10.0,7.6,,1025.0,,5.0
2025-01-15 19:00:00,731.0,93.0,,89.2,69.0,,18.0,9.1,56.0,0.0,,40.0,9.4,,1025.0,,2.0
2025-01-15 20:00:00,492.0,72.9,,58.7,44.5,,16.0,9.0,63.0,0.0,,90.0,9.4,,1025.0,,5.0
2025-01-15 21:00:00,655.0,74.1,,56.0,42.9,,15.0,8.9,67.0,0.0,,60.0,7.6,,1025.0,,5.0
2025-01-15 22:00:00,699.0,81.6,,59.2,46.1,,14.0,8.0,67.0,0.0,,60.0,5.4,,1025.0,,3.0
2025-01-15 23:00:00,839.0,92.1,,50.2,39.9,,13.0,8.1,72.0,0.0,,50.0,5.4,,1026.0,,3.0
2025-01-16 00:00:00,1300.0,107.0,,59.7,46.1,,16.0,6.1,52.0,0.0,,10.0,11.2,,1027.0,,3.0
2025-01-16 01:00:00,1090.0,87.9,,59.0,45.1,,18.0,4.9,42.0,0.0,,20.0,18.4,,1028.0,,2.0
2025-01-16 02:00:00,821.0,70.7,,43.2,34.0,,19.0,4.0,37.0,0.0,,20.0,20.5,,1028.0,,2.0
2025-01-16 03:00:00,839.0,69.0,,41.2,32.3,,20.0,4.9,37.0,0.0,,30.0,20.5,,1028.0,,2.0
2025-01-16 04:00:00,997.0,71.0,,41.9,33.0,,21.0,4.1,33.0,0.0,,40.0,14.8,,1027.0,,2.0
2025-01-16 05:00:00,921.0,70.6,,38.9,30.8,,22.0,5.0,33.0,0.0,,40.0,14.8,,1025.0,,2.0
2025-01-16 06:00:00,765.0,65.1,,35.6,28.3,,23.0,5.0,31.0,0.0,,20.0,11.2,,1023.0,,2.0
2025-01-16 07:00:00,821.0,62.8,,41.1,33.1,,23.0,5.0,31.0,0.0,,30.0,7.6,,1022.0,,1.0
2025-01-16 08:00:00,924.0,69.2,,45.4,36.3,,23.0,5.0,31.0,0.0,,100.0,7.6,,1022.0,,1.0
2025-01-16 09:00:00,1270.0,79.5,,47.2,37.4,,23.0,5.0,31.0,0.0,,50.0,5.4,,1022.0,,1.0
2025-01-16 10:00:00,2080.0,114.0,,51.0,39.7,,22.0,5.0,33.0,0.0,,49.0,3.6,,1022.0,,1.0
2025-01-16 11:00:00,3100.0,167.0,,53.3,41.2,,21.0,6.1,38.0,0.0,,0.0,0.0,,1022.0,,1.0
2025-01-16 12:00:00,3450.0,204.0,,71.6,54.6,,19.0,6.1,43.0,0.0,,18.0,3.6,,1023.0,,1.0
2025-01-16 13:00:00,1680.0,158.0,,80.4,60.0,,17.0,7.9,55.0,0.0,,12.0,3.6,,1023.0,,1.0
2025-01-16 14:00:00,783.0,103.0,,71.8,54.3,,16.0,10.1,68.0,0.0,,130.0,3.6,,1024.0,,1.0
2025-01-16 15:00:00,629.0,91.6,,56.4,42.0,,17.0,11.1,68.0,0.0,,130.0,16.6,,1024.0,,1.0
2025-01-16 16:00:00,515.0,85.1,,48.4,36.4,,16.0,11.0,72.0,0.0,,150.0,9.4,,1024.0,,1.0
2025-01-16 17:00:00,440.0,79.1,,48.2,36.6,,16.0,11.0,72.0,0.0,,130.0,9.4,,1024.0,,2.0
2025-01-16 18:00:00,377.0,86.2,,48.9,36.9,,16.0,11.0,72.0,0.0,,120.0,9.4,,1024.0,,2.0
2025-01-16 19:00:00,364.0,90.4,,51.7,39.6,,14.0,11.0,82.0,0.0,,80.0,7.6,,1023.0,,2.0
2025-01-16 20:00:00,401.0,90.6,,50.5,38.7,,13.0,10.0,82.0,0.0,,60.0,7.6,,1023.0,,5.0
2025-01-16 21:00:00,793.0,116.0,,63.9,45.3,,13.0,11.1,88.0,0.0,,90.0,5.4,,1023.0,,5.0
2025-01-16 22:00:00,871.0,111.0,,73.2,51.8,,13.0,11.1,88.0,0.0,,50.0,11.2,,1023.0,,5.0
2025-01-16 23:00:00,1200.0,104.0,,110.0,77.0,,13.0,11.1,88.0,0.0,,50.0,3.6,,1023.0,,5.0
2025-01-17 00:00:00,1580.0,103.0,,96.9,68.8,,12.0,10.1,88.0,0.0,,80.0,5.4,,1024.0,,5.0
2025-01-17 01:00:00,1530.0,109.0,,110.0,83.9,,14.0,12.0,88.0,0.0,,124.0,3.6,,1024.0,,5.0
2025-01-17 02:00:00,1190.0,95.6,,101.0,79.9,,17.0,11.9,72.0,0.0,,90.0,9.4,,1024.0,,5.0
2025-01-17 03:00:00,1080.0,84.4,,71.8,56.4,,18.0,10.1,60.0,0.0,,40.0,7.6,,1024.0,,5.0
2025-01-17 04:00:00,985.0,76.9,,65.4,51.3,,20.0,9.0,49.0,0.0,,70.0,9.4,,1023.0,,2.0
2025-01-17 05:00:00,927.0,83.0,,53.8,41.9,,21.0,8.9,46.0,0.0,,110.0,9.4,,1021.0,,2.0
2025-01-17 06:00:00,903.0,83.2,,57.2,44.2,,22.0,7.0,38.0,0.0,,281.0,5.4,,1020.0,,1.0
2025-01-17 07:00:00,878.0,81.0,,54.6,42.4,,22.0,8.1,41.0,0.0,,130.0,11.2,,1019.0,,1.0
2025-01-17 08:00:00,937.0,82.0,,53.9,42.0,,22.0,7.0,38.0,0.0,,150.0,9.4,,1018.0,,1.0
2025-01-17 09:00:00,1100.0,96.5,,52.9,41.3,,22.0,7.0,38.0,0.0,,170.0,11.2,,1017.0,,1.0
2025-01-17 10:00:00,1430.0,112.0,,52.4,40.4,,21.0,6.9,40.0,0.0,,170.0,11.2,,1017.0,,1.0
2025-01-17 11:00:00,1210.0,119.0,,55.1,42.8,,20.0,10.1,53.0,0.0,,130.0,18.4,,1017.0,,1.0
2025-01-17 12:00:00,842.0,119.0,,64.9,50.6,,19.0,11.1,60.0,0.0,,140.0,18.4,,1018.0,,1.0
2025-01-17 13:00:00,728.0,129.0,,72.8,56.8,,18.0,12.0,68.0,0.0,,130.0,16.6,,1018.0,,1.0
2025-01-17 14:00:00,620.0,105.0,,68.5,51.9,,17.0,11.9,72.0,0.0,,130.0,18.4,,1018.0,,1.0
2025-01-17 15:00:00,668.0,95.7,,64.4,45.7,,16.0,12.0,77.0,0.0,,130.0,13.0,,1018.0,,2.0
2025-01-17 16:00:00,659.0,82.0,,73.2,51.7,,16.0,12.0,77.0,0.0,,130.0,13.0,,1019.0,,1.0
2025-01-17 17:00:00,682.0,89.6,,67.6,47.8,,15.0,12.0,82.0,0.0,,120.0,11.2,,1019.0,,5.0
2025-01-17 18:00:00,569.0,84.2,,73.5,52.0,,14.0,11.0,82.0,0.0,,70.0,5.4,,1018.0,,5.0
2025-01-17 19:00:00,699.0,95.4,,90.2,63.5,,13.0,11.1,88.0,0.0,,70.0,7.6,,1018.0,,5.0
2025-01-17 20:00:00,569.0,94.4,,74.3,52.5,,13.0,11.1,88.0,0.0,,70.0,7.6,,1018.0,,5.0
2025-01-17 21:00:00,536.0,95.2,,70.6,49.9,,13.0,10.0,82.0,0.0,,60.0,9.4,,1018.0,,5.0
2025-01-17 22:00:00,675.0,102.0,,88.0,67.5,,14.0,10.0,77.0,0.0,,50.0,9.4,,1019.0,,5.0
2025-01-17 23:00:00,815.0,107.0,,103.0,79.5,,14.0,8.0,67.0,0.0,,50.0,11.2,,1019.0,,3.0
2025-01-18 00:00:00,1090.0,111.0,,98.5,78.7,,15.0,8.0,63.0,0.0,,60.0,9.4,,1020.0,,5.0
2025-01-18 01:00:00,1070.0,112.0,,84.5,67.4,,15.0,7.1,59.0,0.0,,60.0,13.0,,1021.0,,3.0
2025-01-18 02:00:00,1210.0,112.0,,66.3,51.9,,16.0,8.0,59.0,0.0,,50.0,11.2,,1021.0,,2.0
2025-01-18 03:00:00,1080.0,107.0,,65.3,51.1,,17.0,7.9,55.0,0.0,,50.0,11.2,,1022.0,,2.0
2025-01-18 04:00:00,1280.0,107.0,,70.2,54.8,,17.0,9.9,63.0,0.0,,360.0,7.6,,1021.0,,5.0
2025-01-18 05:00:00,1190.0,102.0,,68.6,53.6,,18.0,10.1,60.0,0.0,,300.0,9.4,,1020.0,,2.0
2025-01-18 06:00:00,1160.0,98.0,,77.0,60.4,,18.0,10.1,60.0,0.0,,300.0,13.0,,1019.0,,5.0
2025-01-18 07:00:00,1280.0,102.0,,91.7,71.6,,18.0,11.1,64.0,0.0,,300.0,14.8,,1018.0,,5.0
2025-01-18 08:00:00,1390.0,107.0,,107.0,84.2,,18.0,11.1,64.0,0.0,,290.0,14.8,,1018.0,,5.0
2025-01-18 09:00:00,1410.0,106.0,,114.0,88.8,,18.0,12.0,68.0,0.0,,300.0,11.2,,1018.0,,5.0
2025-01-18 10:00:00,1350.0,100.0,,116.0,91.5,,17.0,11.9,72.0,0.0,,290.0,13.0,,1018.0,,5.0
2025-01-18 11:00:00,1330.0,106.0,,124.0,97.8,,17.0,11.9,72.0,0.0,,290.0,11.2,,1018.0,,5.0
2025-01-18 12:00:00,1150.0,99.2,,152.0,119.0,,17.0,11.9,72.0,0.0,,290.0,11.2,,1019.0,,5.0
2025-01-18 13:00:00,976.0,89.3,,132.0,97.9,,17.0,11.9,72.0,0.0,,290.0,11.2,,1019.0,,5.0
2025-01-18 14:00:00,1150.0,90.0,,117.0,82.2,,16.0,12.0,77.0,0.0,,290.0,13.0,,1019.0,,5.0
2025-01-18 15:00:00,1080.0,87.2,,117.0,81.9,,16.0,12.0,77.0,0.0,,290.0,11.2,,1019.0,,5.0
2025-01-18 16:00:00,947.0,74.9,,117.0,82.4,,16.0,12.0,77.0,0.0,,300.0,9.4,,1019.0,,5.0
2025-01-18 17:00:00,753.0,66.1,,116.0,81.2,,16.0,12.0,77.0,0.0,,280.0,9.4,,1019.0,,5.0
2025-01-18 18:00:00,733.0,68.0,,112.0,78.5,,16.0,12.0,77.0,0.0,,280.0,9.4,,1019.0,,5.0
2025-01-18 19:00:00,644.0,64.5,,108.0,76.2,,16.0,12.9,82.0,0.0,,300.0,11.2,,1018.0,,5.0
2025-01-18 20:00:00,592.0,56.3,,105.0,74.0,,16.0,12.0,77.0,0.0,,300.0,5.4,,1018.0,,5.0
2025-01-18 21:00:00,570.0,53.3,,103.0,72.2,,16.0,12.0,77.0,0.0,,290.0,9.4,,1018.0,,5.0
2025-01-18 22:00:00,598.0,53.7,,100.0,70.6,,16.0,12.0,77.0,0.0,,290.0,7.6,,1018.0,,5.0
2025-01-18 23:00:00,693.0,54.6,,102.0,71.8,,16.0,12.0,77.0,0.0,,290.0,7.6,,1019.0,,5.0
2025-01-19 00:00:00,815.0,61.9,,96.1,67.6,,16.0,12.0,77.0,0.0,,290.0,9.4,,1019.0,,5.0
2025-01-19 01:00:00,981.0,71.4,,93.0,65.5,,16.0,12.9,82.0,0.0,,290.0,11.2,,1020.0,,5.0
2025-01-19 02:00:00,1070.0,69.5,,103.0,81.1,,17.0,12.9,77.0,0.0,,290.0,13.0,,1020.0,,5.0
2025-01-19 03:00:00,1330.0,68.5,,92.9,75.3,,18.0,12.0,68.0,0.0,,300.0,13.0,,1020.0,,5.0
2025-01-19 04:00:00,1190.0,62.9,,84.7,68.5,,19.0,12.0,64.0,0.0,,300.0,9.4,,1020.0,,5.0
2025-01-19 05:00:00,1180.0,60.4,,64.6,53.3,,20.0,12.0,60.0,0.0,,270.0,9.4,,1018.0,,5.0
2025-01-19 06:00:00,1010.0,55.3,,60.8,50.0,,21.0,11.1,53.0,0.0,,240.0,9.4,,1016.0,,2.0
2025-01-19 07:00:00,974.0,56.4,,56.3,45.7,,22.0,10.2,47.0,0.0,,220.0,9.4,,1015.0,,2.0
2025-01-19 08:00:00,878.0,64.5,,53.3,43.5,,23.0,10.1,44.0,0.0,,210.0,7.6,,1015.0,,2.0
2025-01-19 09:00:00,1160.0,70.6,,49.6,39.6,,22.0,10.2,47.0,0.0,,250.0,9.4,,1014.0,,2.0
2025-01-19 10:00:00,2090.0,87.7,,52.7,42.3,,22.0,11.1,50.0,0.0,,230.0,9.4,,1014.0,,1.0
2025-01-19 11:00:00,3620.0,143.0,,78.5,58.9,,20.0,10.1,53.0,0.0,,210.0,7.6,,1014.0,,1.0
2025-01-19 12:00:00,3530.0,181.0,,86.1,67.4,,20.0,10.1,53.0,0.0,,200.0,7.6,,1014.0,,1.0
2025-01-19 13:00:00,2610.0,178.0,,96.0,75.5,,19.0,10.0,56.0,0.0,,180.0,9.4,,1014.0,,1.0
2025-01-19 14:00:00,1500.0,122.0,,110.0,85.9,,19.0,10.0,56.0,0.0,,140.0,9.4,,1015.0,,5.0
2025-01-19 15:00:00,1540.0,127.0,,134.0,104.0,,17.0,11.1,68.0,0.0,,120.0,3.6,,1015.0,,5.0
2025-01-19 16:00:00,1310.0,112.0,,163.0,128.0,,17.0,11.1,68.0,0.0,,80.0,5.4,,1015.0,,5.0
2025-01-19 17:00:00,1080.0,89.2,,148.0,117.0,,16.0,12.0,77.0,0.0,,80.0,9.4,,1015.0,,5.0
2025-01-19 18:00:00,1010.0,91.8,,158.0,122.0,,17.0,11.9,72.0,0.0,,60.0,11.2,,1015.0,,5.0
2025-01-19 19:00:00,758.0,81.7,,117.0,93.3,,17.0,11.1,68.0,0.0,,70.0,7.6,,1015.0,,5.0
2025-01-19 20:00:00,839.0,87.7,,111.0,87.6,,16.0,11.0,72.0,0.0,,80.0,5.4,,1014.0,,5.0
2025-01-19 21:00:00,981.0,91.0,,114.0,88.3,,15.0,10.0,72.0,0.0,,60.0,7.6,,1015.0,,5.0
2025-01-19 22:00:00,1000.0,92.2,,127.0,101.0,,15.0,11.0,77.0,0.0,,60.0,7.6,,1015.0,,5.0
2025-01-19 23:00:00,1320.0,94.4,,146.0,111.0,,15.0,11.0,77.0,0.0,,80.0,5.4,,1017.0,,5.0
2025-01-20 00:00:00,1670.0,98.3,,151.0,120.0,,16.0,11.0,72.0,0.0,,60.0,5.4,,1017.0,,5.0
2025-01-20 01:00:00,1560.0,103.0,,136.0,108.0,,16.0,11.0,72.0,0.0,,110.0,3.6,,1019.0,,5.0
2025-01-20 02:00:00,1580.0,111.0,,131.0,103.0,,18.0,11.1,64.0,0.0,,320.0,5.4,,1019.0,,5.0
2025-01-20 03:00:00,1650.0,104.0,,125.0,99.2,,19.0,11.1,60.0,0.0,,300.0,9.4,,1019.0,,5.0
2025-01-20 04:00:00,1810.0,94.6,,110.0,86.6,,20.0,11.0,56.0,0.0,,300.0,11.2,,1018.0,,5.0
2025-01-20 05:00:00,1580.0,68.9,,97.1,77.3,,21.0,11.1,53.0,0.0,,290.0,9.4,,1016.0,,5.0
2025-01-20 06:00:00,1520.0,68.4,,97.4,78.4,,23.0,10.1,44.0,0.0,,260.0,9.4,,1015.0,,5.0
2025-01-20 07:00:00,1370.0,73.3,,85.9,69.8,,24.0,11.0,44.0,0.0,,300.0,7.6,,1014.0,,5.0
2025-01-20 08:00:00,1380.0,72.9,,74.3,60.6,,24.0,11.0,44.0,0.0,,280.0,7.6,,1013.0,,2.0
2025-01-20 09:00:00,1730.0,91.4,,73.0,59.5,,24.0,9.9,41.0,0.0,,220.0,9.4,,1013.0,,2.0
2025-01-20 10:00:00,3370.0,159.0,,84.5,69.0,,23.0,10.1,44.0,0.0,,210.0,7.6,,1013.0,,1.0
2025-01-20 11:00:00,4670.0,210.0,,104.0,84.0,,22.0,10.2,47.0,0.0,,190.0,5.4,,1014.0,,1.0
2025-01-20 12:00:00,4080.0,224.0,,117.0,92.5,,21.0,9.9,49.0,0.0,,200.0,5.4,,1014.0,,1.0
2025-01-20 13:00:00,2630.0,189.0,,136.0,108.0,,21.0,11.1,53.0,0.0,,170.0,7.6,,1015.0,,5.0
2025-01-20 14:00:00,1610.0,136.0,,143.0,111.0,,19.0,11.1,60.0,0.0,,140.0,9.4,,1015.0,,5.0
2025-01-20 15:00:00,1140.0,113.0,,114.0,90.0,,18.0,12.0,68.0,0.0,,130.0,13.0,,1016.0,,5.0
2025-01-20 16:00:00,976.0,102.0,,99.1,78.2,,17.0,12.9,77.0,0.0,,100.0,11.2,,1016.0,,5.0
2025-01-20 17:00:00,902.0,105.0,,93.4,66.1,,15.0,13.0,88.0,0.0,,80.0,7.6,,1016.0,,5.0
2025-01-20 18:00:00,969.0,107.0,,130.0,91.1,,15.0,13.0,88.0,0.0,,70.0,9.4,,1016.0,,5.0
2025-01-20 19:00:00,806.0,95.7,,112.0,78.7,,16.0,12.9,82.0,0.0,,60.0,7.6,,1015.0,,5.0
2025-01-20 20:00:00,840.0,82.7,,113.0,79.1,,16.0,12.9,82.0,0.0,,50.0,7.6,,1015.0,,5.0
2025-01-20 21:00:00,882.0,88.7,,116.0,81.5,,16.0,12.0,77.0,0.0,,60.0,9.4,,1015.0,,5.0
2025-01-20 22:00:00,1000.0,97.3,,137.0,109.0,,14.0,12.0,88.0,0.0,,100.0,5.4,,1016.0,,5.0
2025-01-20 23:00:00,1410.0,138.0,,146.0,117.0,,14.0,11.0,82.0,0.0,,80.0,9.4,,1016.0,,5.0
2025-01-21 00:00:00,2470.0,139.0,,147.0,108.0,,14.0,12.0,88.0,0.0,,110.0,5.4,,1017.0,,5.0
2025-01-21 01:00:00,1790.0,139.0,,136.0,109.0,,16.0,12.0,77.0,0.0,,120.0,5.4,,1017.0,,5.0
2025-01-21 02:00:00,1450.0,106.0,,108.0,88.0,,18.0,12.0,68.0,0.0,,80.0,7.6,,1018.0,,5.0
2025-01-21 03:00:00,1140.0,81.8,,83.9,67.5,,20.0,12.0,60.0,0.0,,120.0,9.4,,1018.0,,5.0
2025-01-21 04:00:00,1130.0,77.9,,62.4,50.0,,22.0,10.2,47.0,0.0,,140.0,9.4,,1017.0,,5.0
2025-01-21 05:00:00,895.0,68.4,,45.9,36.7,,24.0,8.0,36.0,0.0,,130.0,14.8,,1016.0,,2.0
2025-01-21 06:00:00,872.0,68.5,,38.9,30.9,,25.0,8.1,34.0,0.0,,160.0,11.2,,1014.0,,2.0
2025-01-21 07:00:00,947.0,73.4,,41.1,32.2,,25.0,8.9,36.0,0.0,,140.0,11.2,,1013.0,,2.0
2025-01-21 08:00:00,1080.0,84.7,,39.2,31.3,,25.0,10.1,39.0,0.0,,130.0,18.4,,1012.0,,2.0
2025-01-21 09:00:00,1430.0,94.5,,39.4,31.1,,24.0,11.0,44.0,0.0,,140.0,18.4,,1012.0,,2.0
2025-01-21 10:00:00,1700.0,106.0,,40.2,30.0,,23.0,11.1,47.0,0.0,,130.0,18.4,,1012.0,,3.0
2025-01-21 11:00:00,1480.0,127.0,,53.1,41.7,,22.0,10.2,47.0,0.0,,120.0,14.8,,1012.0,,2.0
2025-01-21 12:00:00,1170.0,115.0,,78.5,63.4,,21.0,8.9,46.0,0.0,,130.0,14.8,,1013.0,,2.0
2025-01-21 13:00:00,903.0,94.0,,76.7,54.4,,20.0,12.0,60.0,0.0,,120.0,16.6,,1014.0,,2.0
2025-01-21 14:00:00,730.0,95.3,,63.0,44.7,,19.0,14.1,73.0,0.0,,130.0,13.0,,1014.0,,5.0
2025-01-21 15:00:00,660.0,90.5,,63.4,44.9,,18.0,15.1,83.0,0.0,,110.0,13.0,,1015.0,,5.0
2025-01-21 16:00:00,605.0,65.7,,55.4,39.3,,18.0,15.1,83.0,0.0,,110.0,14.8,,1015.0,,5.0
2025-01-21 17:00:00,607.0,67.5,,62.9,44.6,,16.0,15.0,94.0,0.0,,90.0,9.4,,1015.0,,5.0
2025-01-21 18:00:00,456.0,61.0,,65.6,46.5,,17.0,16.0,94.0,0.0,,130.0,11.2,,1015.0,,5.0
2025-01-21 19:00:00,416.0,53.7,,60.8,43.1,,17.0,15.0,88.0,0.0,,100.0,5.4,,1015.0,,5.0
2025-01-21 20:00:00,366.0,45.4,,61.2,43.4,,16.0,15.0,94.0,0.0,,80.0,3.6,,1015.0,,5.0
2025-01-21 21:00:00,472.0,54.5,,68.9,48.8,,16.0,15.0,94.0,0.0,,90.0,7.6,,1015.0,,5.0
2025-01-21 22:00:00,509.0,67.7,,65.9,46.7,,17.0,15.0,88.0,0.0,,80.0,7.6,,1016.0,,5.0
2025-01-21 23:00:00,735.0,91.0,,66.0,46.7,,17.0,14.1,83.0,0.0,,70.0,3.6,,1017.0,,5.0
2025-01-22 00:00:00,1640.0,114.0,,84.7,59.8,,17.0,14.1,83.0,0.0,,90.0,3.6,,1017.0,,5.0
2025-01-22 01:00:00,1770.0,118.0,,76.8,55.3,,18.0,14.1,78.0,0.0,,50.0,3.6,,1018.0,,5.0
2025-01-22 02:00:00,1140.0,109.0,,80.2,63.3,,19.0,13.0,68.0,0.0,,90.0,7.6,,1018.0,,5.0
2025-01-22 03:00:00,1450.0,118.0,,88.6,70.5,,19.0,13.0,68.0,0.0,,60.0,5.4,,1018.0,,5.0
2025-01-22 04:00:00,1530.0,108.0,,87.5,69.9,,20.0,13.0,64.0,0.0,,314.0,3.6,,1018.0,,5.0
2025-01-22 05:00:00,1910.0,116.0,,105.0,83.4,,21.0,12.9,60.0,0.0,,280.0,5.4,,1016.0,,5.0
2025-01-22 06:00:00,1720.0,101.0,,114.0,91.3,,21.0,13.9,64.0,0.1,,290.0,9.4,,1015.0,,5.0
2025-01-22 07:00:00,1880.0,108.0,,131.0,104.0,,21.0,15.1,69.0,0.1,,280.0,7.6,,1014.0,,5.0
2025-01-22 08:00:00,1930.0,118.0,,112.0,88.4,,21.0,15.1,69.0,0.0,,285.0,3.6,,1013.0,,5.0
2025-01-22 09:00:00,1480.0,105.0,,69.7,55.3,,21.0,15.1,69.0,0.0,,120.0,7.6,,1013.0,,5.0
2025-01-22 10:00:00,2010.0,112.0,,71.2,51.7,,21.0,15.1,69.0,0.0,,90.0,9.4,,1013.0,,5.0
2025-01-22 11:00:00,2000.0,116.0,,57.0,40.4,,19.0,17.0,88.0,0.0,,100.0,14.8,,1013.0,,5.0
2025-01-22 12:00:00,1490.0,120.0,,59.0,41.9,,19.0,17.0,88.0,0.0,,60.0,7.6,,1014.0,,5.0
2025-01-22 13:00:00,1120.0,100.0,,47.0,33.5,,19.0,17.0,88.0,0.0,,80.0,5.4,,1014.0,,5.0
2025-01-22 14:00:00,921.0,85.6,,43.5,31.1,,19.0,17.0,88.0,0.0,,110.0,7.6,,1015.0,,5.0
2025-01-22 15:00:00,734.0,70.1,,43.2,30.9,,19.0,17.0,88.0,0.0,,80.0,7.6,,1015.0,,5.0
2025-01-22 16:00:00,553.0,50.5,,45.7,32.7,,19.0,16.0,83.0,0.0,,120.0,11.2,,1015.0,,2.0
2025-01-22 17:00:00,364.0,42.3,,37.8,27.2,,19.0,17.0,88.0,0.0,,120.0,13.0,,1015.0,,2.0
2025-01-22 18:00:00,305.0,42.7,,36.4,26.2,,19.0,17.0,88.0,0.0,,120.0,13.0,,1016.0,,3.0
2025-01-22 19:00:00,267.0,45.8,,40.7,29.2,,19.0,16.0,83.0,0.0,,110.0,13.0,,1015.0,,3.0
2025-01-22 20:00:00,284.0,47.4,,39.3,28.2,,19.0,16.0,83.0,0.0,,110.0,11.2,,1015.0,,5.0
2025-01-22 21:00:00,275.0,45.3,,42.6,30.5,,19.0,16.0,83.0,0.0,,110.0,11.2,,1015.0,,5.0
2025-01-22 22:00:00,359.0,48.5,,39.7,28.4,,18.0,16.0,88.0,0.0,,110.0,9.4,,1016.0,,5.0
2025-01-22 23:00:00,546.0,56.2,,37.7,27.1,,18.0,16.0,88.0,0.0,,110.0,9.4,,1016.0,,5.0
2025-01-23 00:00:00,949.0,74.8,,37.4,26.9,,19.0,16.0,83.0,0.0,,80.0,5.4,,1017.0,,5.0
2025-01-23 01:00:00,1340.0,91.2,,38.8,27.8,,19.0,16.0,83.0,0.0,,120.0,7.6,,1017.0,,5.0
2025-01-23 02:00:00,1150.0,83.9,,45.1,32.2,,19.0,16.0,83.0,0.0,,110.0,5.4,,1018.0,,5.0
2025-01-23 03:00:00,1600.0,98.1,,54.8,38.9,,20.0,16.0,78.0,0.0,,140.0,9.0,,1017.0,,5.0
2025-01-23 04:00:00,1610.0,86.3,,61.6,43.7,,20.0,16.0,78.0,0.0,,120.0,13.0,,1017.0,,5.0
2025-01-23 05:00:00,1550.0,88.9,,66.7,50.7,,20.0,17.0,83.0,0.1,,110.0,13.0,,1015.0,,5.0
2025-01-23 06:00:00,1320.0,80.4,,67.3,53.3,,21.0,16.0,73.0,0.0,,120.0,7.6,,1014.0,,5.0
2025-01-23 07:00:00,1300.0,83.0,,65.2,51.0,,21.0,17.0,78.0,0.0,,90.0,7.6,,1012.0,,5.0
2025-01-23 08:00:00,1370.0,91.7,,63.3,48.1,,22.0,16.9,73.0,0.0,,100.0,11.2,,1011.0,,5.0
2025-01-23 09:00:00,2030.0,109.0,,61.2,47.7,,22.0,16.9,73.0,0.0,,120.0,15.0,,1011.0,,5.0
2025-01-23 10:00:00,2410.0,120.0,,59.1,44.1,,22.0,16.9,73.0,0.0,,120.0,11.2,,1011.0,,5.0
2025-01-23 11:00:00,2260.0,116.0,,58.1,41.3,,21.0,17.0,78.0,0.0,,110.0,11.2,,1011.0,,5.0
2025-01-23 12:00:00,1410.0,100.0,,56.9,40.4,,22.0,16.9,73.0,0.0,,120.0,11.2,,1012.0,,2.0
2025-01-23 13:00:00,991.0,89.4,,61.3,43.4,,21.0,18.0,83.0,0.0,,130.0,16.6,,1012.0,,5.0
2025-01-23 14:00:00,945.0,75.9,,51.7,36.8,,20.0,18.0,88.0,0.0,,130.0,20.5,,1013.0,,5.0
2025-01-23 15:00:00,742.0,60.3,,44.8,32.0,,19.0,17.0,88.0,0.0,,130.0,18.4,,1013.0,,5.0
2025-01-23 16:00:00,555.0,50.6,,40.4,29.0,,19.0,17.0,88.0,0.0,,130.0,20.5,,1012.0,,5.0
2025-01-23 17:00:00,510.0,49.3,,40.1,28.7,,19.0,17.0,88.0,0.0,,140.0,20.5,,1012.0,,2.0
2025-01-23 18:00:00,340.0,47.9,,76.0,53.7,,19.0,17.0,88.0,0.0,,130.0,18.4,,1012.0,,5.0
2025-01-23 19:00:00,303.0,42.8,,59.3,42.1,,19.0,17.0,88.0,0.0,,130.0,20.5,,1011.0,,5.0
2025-01-23 20:00:00,264.0,40.3,,49.2,35.1,,19.0,17.0,88.0,0.0,,110.0,16.6,,1011.0,,5.0
2025-01-23 21:00:00,313.0,37.8,,46.1,32.9,,19.0,17.0,88.0,0.0,,130.0,20.0,,1011.0,,5.0
2025-01-23 22:00:00,411.0,40.6,,46.0,32.9,,19.0,17.0,88.0,0.0,,120.0,13.0,,1011.0,,5.0
2025-01-23 23:00:00,772.0,50.1,,57.9,41.1,,18.0,18.0,100.0,0.0,,100.0,14.8,,1012.0,,5.0
2025-01-24 00:00:00,1280.0,57.9,,68.7,48.6,,18.0,18.0,100.0,0.0,,110.0,11.2,,1013.0,,5.0
2025-01-24 01:00:00,1410.0,61.8,,63.6,45.0,,18.0,18.0,100.0,0.0,,100.0,9.4,,1013.0,,5.0
2025-01-24 02:00:00,1430.0,61.5,,55.4,39.4,,18.0,18.0,100.0,0.2,,110.0,11.2,,1014.0,,5.0
2025-01-24 03:00:00,1640.0,65.6,,56.5,40.2,,19.0,18.0,94.0,0.2,,90.0,7.6,,1014.0,,2.0
2025-01-24 04:00:00,2100.0,73.0,,63.1,44.7,,19.0,18.0,94.0,0.0,,70.0,11.2,,1013.0,,5.0
2025-01-24 05:00:00,1670.0,74.6,,64.1,45.4,,19.0,18.0,94.0,0.0,,80.0,5.4,,1012.0,,5.0
2025-01-24 06:00:00,1660.0,91.7,,66.2,50.7,,20.0,19.0,94.0,0.0,,90.0,5.4,,1010.0,,5.0
2025-01-24 07:00:00,1330.0,70.7,,48.1,37.3,,23.0,19.0,78.0,0.0,,80.0,11.2,,1009.0,,5.0
2025-01-24 08:00:00,1480.0,72.2,,47.9,36.1,,24.0,19.1,74.0,0.0,,110.0,13.0,,1009.0,,5.0
2025-01-24 09:00:00,1980.0,86.1,,43.6,32.1,,24.0,19.1,74.0,0.0,,120.0,13.0,,1009.0,,3.0
2025-01-24 10:00:00,2030.0,90.0,,38.9,27.9,,23.0,19.0,78.0,0.0,,130.0,14.8,,1009.0,,3.0
2025-01-24 11:00:00,1670.0,88.1,,38.7,27.8,,23.0,19.0,78.0,0.0,,130.0,16.6,,1009.0,,3.0
2025-01-24 12:00:00,1330.0,73.2,,39.9,28.6,,22.0,19.0,83.0,0.0,,130.0,16.6,,1010.0,,2.0
2025-01-24 13:00:00,1090.0,68.4,,42.0,30.0,,22.0,19.0,83.0,0.0,,140.0,18.4,,1011.0,,2.0
2025-01-24 14:00:00,1200.0,72.9,,47.0,33.6,,22.0,19.0,83.0,0.0,,130.0,14.8,,1011.0,,2.0
2025-01-24 15:00:00,970.0,59.1,,40.7,29.2,,21.0,18.9,88.0,0.0,,110.0,16.6,,1011.0,,2.0
2025-01-24 16:00:00,779.0,49.0,,50.0,35.7,,21.0,18.9,88.0,0.0,,110.0,18.4,,1011.0,,1.0
2025-01-24 17:00:00,583.0,42.6,,42.2,30.2,,21.0,18.9,88.0,0.0,,110.0,16.6,,1011.0,,5.0
2025-01-24 18:00:00,477.0,35.6,,43.0,30.8,,21.0,18.9,88.0,0.0,,110.0,14.8,,1011.0,,3.0
2025-01-24 19:00:00,431.0,38.0,,45.1,32.3,,21.0,18.9,88.0,0.0,,110.0,13.0,,1011.0,,3.0
2025-01-24 20:00:00,380.0,33.7,,35.7,25.7,,21.0,18.9,88.0,0.0,,100.0,9.4,,1011.0,,5.0
2025-01-24 21:00:00,478.0,39.7,,40.4,28.9,,20.0,19.0,94.0,0.0,,90.0,7.6,,1011.0,,5.0
2025-01-24 22:00:00,622.0,45.6,,43.3,31.0,,20.0,19.0,94.0,0.0,,30.0,3.6,,1011.0,,5.0
2025-01-24 23:00:00,819.0,50.5,,43.3,31.0,,20.0,19.0,94.0,0.2,,110.0,7.6,,1012.0,,5.0
2025-01-25 00:00:00,1040.0,56.0,,39.3,28.2,,20.0,20.0,100.0,0.3,,120.0,9.4,,1013.0,,5.0
2025-01-25 01:00:00,934.0,48.0,,32.2,23.3,,20.0,20.0,100.0,0.2,,110.0,5.4,,1014.0,,5.0
2025-01-25 02:00:00,1360.0,54.3,,31.2,22.6,,21.0,20.0,94.0,0.4,,120.0,13.0,,1014.0,,5.0
2025-01-25 03:00:00,1600.0,61.9,,29.9,21.7,,22.0,19.9,88.0,1.0,,140.0,14.8,,1014.0,,5.0
2025-01-25 04:00:00,1380.0,60.9,,30.2,21.9,,22.0,19.9,88.0,0.7,,150.0,7.6,,1014.0,,2.0
2025-01-25 05:00:00,1480.0,65.3,,38.7,27.8,,24.0,19.9,78.0,0.0,,150.0,16.6,,1013.0,,2.0
2025-01-25 06:00:00,1250.0,60.8,,37.9,27.3,,23.0,19.0,78.0,0.1,,150.0,16.6,,1012.0,,3.0
2025-01-25 07:00:00,1100.0,57.3,,27.0,19.7,,23.0,19.0,78.0,0.0,,120.0,13.0,,1011.0,,3.0
2025-01-25 08:00:00,1050.0,56.9,,25.0,18.4,,24.0,19.1,74.0,0.0,,140.0,20.5,,1011.0,,3.0
2025-01-25 09:00:00,1240.0,62.8,,29.1,20.7,,24.0,19.1,74.0,0.2,,130.0,16.6,,1011.0,,3.0
2025-01-25 10:00:00,1220.0,62.2,,24.6,18.0,,23.0,19.0,78.0,0.0,,130.0,16.6,,1011.0,,3.0
2025-01-25 11:00:00,1090.0,63.1,,29.1,21.1,,23.0,18.1,74.0,0.0,,120.0,16.6,,1012.0,,3.0
2025-01-25 12:00:00,1080.0,66.8,,31.0,22.5,,22.0,19.0,83.0,0.0,,110.0,11.2,,1014.0,,3.0
2025-01-25 13:00:00,990.0,65.5,,31.3,22.7,,22.0,19.0,83.0,0.0,,110.0,16.6,,1014.0,,2.0
2025-01-25 14:00:00,1050.0,69.0,,35.6,25.6,,22.0,19.0,83.0,0.0,,110.0,14.8,,1015.0,,2.0
2025-01-25 15:00:00,1130.0,67.1,,46.4,33.1,,22.0,18.0,78.0,0.0,,110.0,11.2,,1016.0,,2.0
2025-01-25 16:00:00,1080.0,65.0,,41.8,29.9,,21.0,18.9,88.0,0.0,,90.0,11.2,,1016.0,,3.0
2025-01-25 17:00:00,1010.0,57.3,,44.8,32.0,,21.0,18.9,88.0,0.4,,100.0,7.6,,1016.0,,3.0
2025-01-25 18:00:00,712.0,60.5,,39.9,28.6,,21.0,18.9,88.0,1.9,,90.0,9.4,,1017.0,,5.0
2025-01-25 19:00:00,658.0,75.7,,42.8,30.7,,20.0,18.0,88.0,0.4,,80.0,11.2,,1017.0,,3.0
2025-01-25 20:00:00,593.0,38.9,,20.1,14.4,,18.0,15.1,83.0,0.9,,40.0,38.9,,1018.0,,3.0
2025-01-25 21:00:00,558.0,26.1,,10.7,8.4,,16.0,14.0,88.0,2.7,,40.0,25.9,,1018.0,,3.0
2025-01-25 22:00:00,613.0,35.0,,9.0,7.1,,16.0,12.0,77.0,1.1,,30.0,29.5,,1019.0,,2.0
2025-01-25 23:00:00,623.0,32.8,,9.1,7.0,,16.0,11.0,72.0,0.7,,40.0,33.5,,1020.0,,3.0
2025-01-26 00:00:00,693.0,39.3,,8.1,6.5,,16.0,10.1,68.0,0.3,,40.0,22.3,,1022.0,,3.0
2025-01-26 01:00:00,727.0,38.2,,7.3,6.0,,14.0,11.0,82.0,0.3,,20.0,24.1,,1024.0,,3.0
2025-01-26 02:00:00,789.0,35.5,,8.5,6.8,,14.0,11.0,82.0,0.5,,50.0,20.5,,1025.0,,3.0
2025-01-26 03:00:00,855.0,37.4,,8.2,6.6,,15.0,10.0,72.0,0.3,,20.0,14.8,,1026.0,,2.0
2025-01-26 04:00:00,912.0,42.8,,10.6,8.5,,16.0,9.0,63.0,0.0,,10.0,25.9,,1026.0,,2.0
2025-01-26 05:00:00,856.0,40.4,,10.1,8.3,,16.0,10.1,68.0,0.0,,360.0,24.1,,1026.0,,2.0
2025-01-26 06:00:00,831.0,44.1,,8.9,7.2,,15.0,8.0,63.0,0.0,,360.0,25.9,,1025.0,,3.0
2025-01-26 07:00:00,783.0,46.6,,7.6,6.2,,16.0,7.0,55.0,0.0,,10.0,25.9,,1025.0,,3.0
2025-01-26 08:00:00,781.0,50.8,,7.1,5.9,,15.0,7.1,59.0,0.0,,10.0,25.9,,1025.0,,3.0
2025-01-26 09:00:00,815.0,50.3,,8.0,6.7,,15.0,6.0,55.0,0.0,,10.0,20.5,,1025.0,,3.0
2025-01-26 10:00:00,,,,,,,15.0,4.9,51.0,0.0,,10.0,22.3,,1025.0,,3.0
2025-01-26 11:00:00,,,,,,,15.0,4.9,51.0,0.0,,360.0,18.4,,1026.0,,3.0
2025-01-26 12:00:00,,,,,,,15.0,4.9,51.0,0.0,,360.0,13.0,,1027.0,,3.0
2025-01-26 13:00:00,,,,,,,15.0,4.9,51.0,0.0,,360.0,13.0,,1027.0,,3.0
2025-01-26 14:00:00,,,,,,,15.0,4.9,51.0,0.0,,360.0,13.0,,1027.0,,3.0
2025-01-26 15:00:00,,,,,,,15.0,4.9,51.0,0.0,,350.0,13.0,,1027.0,,3.0
2025-01-26 16:00:00,,,,,,,15.0,4.1,48.0,0.0,,360.0,9.4,,1027.0,,3.0
2025-01-26 17:00:00,,,,,,,14.0,4.0,51.0,0.0,,360.0,11.2,,1027.0,,3.0
2025-01-26 18:00:00,,,,,,,14.0,4.0,51.0,0.0,,360.0,11.2,,1027.0,,3.0
2025-01-26 19:00:00,,,,,,,14.0,5.1,55.0,0.1,,10.0,7.6,,1026.0,,3.0
2025-01-26 20:00:00,,,,,,,14.0,4.0,51.0,0.0,,360.0,11.2,,1025.0,,3.0
2025-01-26 21:00:00,,,,,,,14.0,4.0,51.0,0.0,,10.0,9.4,,1025.0,,5.0
2025-01-26 22:00:00,,,,,,,14.0,3.2,48.0,0.0,,360.0,9.4,,1025.0,,3.0
2025-01-26 23:00:00,,,,,,,14.0,4.0,51.0,0.0,,10.0,5.4,,1025.0,,3.0
2025-01-27 00:00:00,,,,,,,14.0,4.0,51.0,0.0,,10.0,7.6,,1025.0,,2.0
2025-01-27 01:00:00,,,,,,,14.0,6.1,59.0,0.0,,30.0,11.2,,1026.0,,2.0
2025-01-27 02:00:00,,,,,,,14.0,5.1,55.0,0.0,,360.0,5.4,,1026.0,,2.0
2025-01-27 03:00:00,750.0,45.6,,15.4,10.8,,16.0,0.9,36.0,0.0,,20.0,18.4,,1026.0,,2.0
2025-01-27 04:00:00,696.0,43.5,,16.1,11.1,,17.0,0.2,32.0,0.0,,10.0,22.3,,1025.0,,2.0
2025-01-27 05:00:00,638.0,44.2,,17.8,11.9,,18.0,-0.8,28.0,0.0,,40.0,18.4,,1023.0,,2.0
2025-01-27 06:00:00,668.0,51.0,,20.6,14.3,,18.0,0.2,30.0,0.0,,40.0,14.8,,1022.0,,2.0
2025-01-27 07:00:00,746.0,52.4,,19.9,13.7,,18.0,0.2,30.0,0.0,,30.0,11.2,,1021.0,,3.0
2025-01-27 08:00:00,753.0,56.2,,20.4,13.7,,19.0,1.0,30.0,0.0,,50.0,13.0,,1020.0,,3.0
2025-01-27 09:00:00,861.0,60.9,,20.3,13.5,,18.0,0.2,30.0,0.0,,50.0,13.0,,1020.0,,3.0
2025-01-27 10:00:00,984.0,74.5,,21.4,14.6,,18.0,0.2,30.0,0.0,,40.0,9.4,,1020.0,,3.0
2025-01-27 11:00:00,1160.0,89.5,,27.6,19.0,,16.0,2.0,39.0,0.0,,97.0,3.6,,1020.0,,3.0
2025-01-27 12:00:00,1310.0,96.2,,45.9,33.4,,16.0,3.1,42.0,0.0,,360.0,1.8,,1021.0,,2.0
2025-01-27 13:00:00,1400.0,102.0,,58.0,42.0,,15.0,7.1,59.0,0.0,,300.0,3.6,,1022.0,,2.0
2025-01-27 14:00:00,1540.0,106.0,,61.5,45.7,,15.0,6.0,55.0,0.0,,330.0,7.6,,1023.0,,2.0
2025-01-27 15:00:00,1350.0,90.1,,76.4,56.5,,15.0,6.0,55.0,0.0,,330.0,3.6,,1023.0,,2.0
2025-01-27 16:00:00,682.0,67.2,,58.8,42.0,,14.0,6.1,59.0,0.0,,90.0,11.2,,1023.0,,2.0
2025-01-27 17:00:00,505.0,58.2,,38.0,27.5,,14.0,7.1,63.0,0.0,,100.0,11.2,,1024.0,,2.0
2025-01-27 18:00:00,459.0,60.2,,39.5,28.3,,14.0,8.0,67.0,0.0,,60.0,7.6,,1024.0,,2.0
2025-01-27 19:00:00,401.0,55.8,,34.6,24.5,,14.0,7.1,63.0,0.0,,60.0,9.4,,1024.0,,2.0
2025-01-27 20:00:00,265.0,48.6,,19.0,12.9,,14.0,3.2,48.0,0.2,,80.0,11.2,,1024.0,,2.0
2025-01-27 21:00:00,229.0,50.2,,17.0,11.5,,14.0,1.9,44.0,0.0,,30.0,9.4,,1024.0,,2.0
2025-01-27 22:00:00,226.0,49.5,,17.7,11.8,,13.0,6.1,63.0,0.0,,50.0,7.6,,1025.0,,3.0
2025-01-27 23:00:00,255.0,50.8,,16.2,11.0,,12.0,3.0,54.0,0.0,,50.0,9.4,,1025.0,,3.0
2025-01-28 00:00:00,357.0,58.5,,17.7,12.5,,12.0,4.0,58.0,0.0,,10.0,5.4,,1026.0,,3.0
2025-01-28 01:00:00,430.0,60.3,,20.8,14.2,,12.0,4.9,62.0,0.0,,340.0,3.6,,1027.0,,2.0
2025-01-28 02:00:00,536.0,56.5,,22.0,15.2,,14.0,1.9,44.0,0.0,,20.0,9.4,,1027.0,,2.0
2025-01-28 03:00:00,583.0,49.5,,22.4,15.9,,15.0,1.1,39.0,0.0,,10.0,18.4,,1028.0,,2.0
2025-01-28 04:00:00,655.0,49.9,,22.3,15.9,,15.0,1.8,41.0,0.0,,10.0,20.5,,1027.0,,2.0
2025-01-28 05:00:00,443.0,34.9,,19.7,13.7,,14.0,1.9,44.0,0.0,,40.0,11.2,,1027.0,,2.0
2025-01-28 06:00:00,514.0,37.4,,21.3,14.9,,16.0,0.9,36.0,0.0,,10.0,14.8,,1025.0,,2.0
2025-01-28 07:00:00,484.0,36.7,,19.2,13.6,,16.0,0.1,34.0,0.0,,30.0,13.0,,1024.0,,2.0
2025-01-28 08:00:00,519.0,38.0,,21.6,16.0,,17.0,1.0,34.0,0.0,,10.0,14.8,,1024.0,,2.0
2025-01-28 09:00:00,709.0,56.4,,25.2,18.5,,17.0,1.0,34.0,0.0,,20.0,7.6,,1023.0,,2.0
2025-01-28 10:00:00,821.0,64.5,,26.8,19.6,,17.0,1.0,34.0,0.0,,30.0,13.0,,1024.0,,2.0
2025-01-28 11:00:00,787.0,69.3,,38.0,28.4,,15.0,1.8,41.0,0.0,,30.0,7.6,,1024.0,,2.0
2025-01-28 12:00:00,747.0,62.8,,42.2,31.0,,14.0,3.2,48.0,0.0,,7.0,3.6,,1025.0,,2.0
2025-01-28 13:00:00,845.0,74.3,,51.6,38.2,,14.0,5.1,55.0,0.0,,2.0,1.8,,1025.0,,2.0
2025-01-28 14:00:00,853.0,68.6,,55.9,42.0,,15.0,4.1,48.0,0.0,,358.0,1.8,,1026.0,,2.0
2025-01-28 15:00:00,999.0,55.8,,93.4,70.2,,15.0,4.1,48.0,0.0,,10.0,3.6,,1026.0,,2.0
2025-01-28 16:00:00,842.0,56.6,,70.1,53.7,,13.0,4.9,58.0,0.0,,310.0,5.4,,1026.0,,2.0
2025-01-28 17:00:00,1520.0,99.6,,160.0,123.0,,13.0,6.1,63.0,0.0,,300.0,5.4,,1026.0,,2.0
2025-01-28 18:00:00,1470.0,83.4,,124.0,95.5,,12.0,6.1,67.0,0.0,,310.0,7.6,,1026.0,,2.0
2025-01-28 19:00:00,994.0,68.1,,93.0,72.5,,12.0,4.9,62.0,0.0,,300.0,3.6,,1025.0,,2.0
2025-01-28 20:00:00,697.0,58.5,,91.5,71.1,,11.0,5.9,71.0,0.0,,330.0,3.6,,1024.0,,2.0
2025-01-28 21:00:00,555.0,53.0,,83.7,65.6,,11.0,6.9,76.0,0.0,,310.0,5.4,,1024.0,,3.0
2025-01-28 22:00:00,495.0,52.6,,83.9,66.5,,11.0,5.9,71.0,0.0,,300.0,2.0,,1024.0,,3.0
2025-01-28 23:00:00,582.0,54.8,,90.9,71.8,,11.0,6.9,76.0,0.0,,81.0,4.0,,1025.0,,3.0
2025-01-29 00:00:00,547.0,50.1,,72.3,56.8,,12.0,7.1,72.0,0.0,,320.0,6.0,,1026.0,,5.0
2025-01-29 01:00:00,552.0,45.4,,63.4,50.4,,13.0,6.1,63.0,0.0,,300.0,9.0,,1027.0,,2.0
2025-01-29 02:00:00,565.0,41.8,,57.8,45.6,,14.0,6.1,59.0,0.0,,300.0,7.0,,1027.0,,2.0
2025-01-29 03:00:00,564.0,44.8,,51.0,40.2,,14.0,6.4,60.0,0.0,,17.0,3.7,,1026.6,,2.0
2025-01-29 04:00:00,513.0,41.3,,45.6,35.7,,16.0,7.0,55.0,0.0,,320.0,11.0,,1026.0,,2.0
2025-01-29 05:00:00,485.0,42.4,,36.8,28.6,,17.0,5.0,45.0,0.0,,290.0,9.0,,1025.0,,2.0
2025-01-29 06:00:00,471.0,40.4,,26.9,20.7,,18.0,4.9,42.0,0.0,,321.0,6.0,,1024.0,,1.0
2025-01-29 07:00:00,453.0,42.1,,22.4,17.0,,18.0,3.1,37.0,0.0,,319.0,4.0,,1021.0,,1.0
2025-01-29 08:00:00,458.0,43.5,,20.6,16.1,,19.0,3.2,35.0,0.0,,60.0,4.0,,1020.0,,1.0
2025-01-29 09:00:00,570.0,52.7,,20.8,16.3,,18.0,3.1,37.0,0.0,,350.0,4.0,,1020.0,,1.0
2025-01-29 10:00:00,815.0,71.9,,27.2,21.0,,18.0,3.1,37.0,0.0,,60.0,4.0,,1020.0,,1.0
2025-01-29 11:00:00,1070.0,94.5,,29.7,23.1,,15.0,3.2,45.0,0.0,,90.0,6.0,,1019.0,,1.0
2025-01-29 12:00:00,930.0,97.6,,28.1,21.5,,15.0,4.9,51.0,0.0,,90.0,4.0,,1020.0,,1.0
2025-01-29 13:00:00,1380.0,123.0,,33.9,26.2,,14.0,7.1,63.0,0.0,,340.0,6.0,,1020.0,,1.0
2025-01-29 14:00:00,1970.0,136.0,,42.0,32.5,,14.0,6.1,59.0,0.0,,320.0,6.0,,1020.0,,2.0
2025-01-29 15:00:00,1640.0,121.0,,50.9,39.4,,13.0,7.0,67.0,0.0,,300.0,4.0,,1021.0,,2.0
2025-01-29 16:00:00,1570.0,114.0,,57.9,45.1,,13.0,6.1,63.0,0.0,,310.0,4.0,,1021.0,,2.0
2025-01-29 17:00:00,895.0,88.8,,61.6,47.8,,11.0,6.9,76.0,0.0,,80.0,7.0,,1020.0,,2.0
2025-01-29 18:00:00,687.0,75.6,,62.2,48.1,,13.0,6.1,63.0,0.0,,130.0,4.0,,1020.0,,2.0
2025-01-29 19:00:00,678.0,70.3,,68.6,53.3,,11.0,6.9,76.0,0.0,,50.0,4.0,,1019.0,,2.0
2025-01-29 20:00:00,637.0,66.3,,73.0,57.1,,11.0,6.9,76.0,0.0,,320.0,2.0,,1019.0,,2.0
2025-01-29 21:00:00,590.0,58.5,,78.0,60.3,,10.0,7.1,82.0,0.0,,110.0,4.0,,1018.0,,2.0
2025-01-29 22:00:00,736.0,55.7,,85.0,61.1,,11.0,8.0,82.0,0.0,,100.0,7.0,,1018.0,,3.0
2025-01-29 23:00:00,758.0,58.2,,83.0,64.7,,12.0,7.1,72.0,0.0,,70.0,2.0,,1018.0,,2.0
2025-01-30 00:00:00,672.0,54.1,,62.6,49.7,,13.0,8.1,72.0,0.0,,360.0,4.0,,1018.0,,2.0
2025-01-30 01:00:00,673.0,52.1,,50.4,39.7,,15.0,8.0,63.0,0.0,,290.0,6.0,,1020.0,,2.0
2025-01-30 02:00:00,728.0,51.8,,51.8,40.8,,17.0,7.1,52.0,0.0,,189.0,4.0,,1019.0,,2.0
2025-01-30 03:00:00,660.0,53.3,,51.8,40.7,,19.0,8.0,49.0,0.0,,100.0,6.0,,1019.0,,2.0
2025-01-30 04:00:00,427.0,49.9,,31.1,24.1,,20.0,9.0,49.0,0.0,,264.0,9.0,,1018.0,,2.0
2025-01-30 05:00:00,431.0,52.4,,26.1,20.3,,22.0,8.8,43.0,0.0,,130.0,17.0,,1016.0,,2.0
2025-01-30 06:00:00,385.0,52.3,,24.5,19.1,,22.0,8.8,43.0,0.0,,150.0,15.0,,1016.0,,2.0
2025-01-30 07:00:00,496.0,57.4,,22.7,17.6,,23.0,11.1,47.0,0.0,,170.0,19.0,,1013.0,,2.0
2025-01-30 08:00:00,534.0,63.6,,22.2,17.4,,23.0,12.0,50.0,0.0,,150.0,17.0,,1012.0,,2.0
2025-01-30 09:00:00,619.0,68.3,,26.8,20.8,,23.0,12.0,50.0,0.0,,130.0,20.0,,1012.0,,3.0
2025-01-30 10:00:00,647.0,75.8,,26.7,20.5,,21.0,12.9,60.0,0.0,,120.0,15.0,,1012.0,,3.0
2025-01-30 11:00:00,619.0,70.2,,29.9,22.3,,20.0,13.0,64.0,0.0,,120.0,19.0,,1012.0,,3.0
2025-01-30 12:00:00,603.0,77.0,,37.6,28.8,,20.0,13.9,68.0,0.0,,120.0,17.0,,1013.0,,2.0
2025-01-30 13:00:00,563.0,79.2,,43.3,31.6,,19.0,15.1,78.0,0.0,,110.0,17.0,,1013.0,,2.0
2025-01-30 14:00:00,432.0,75.5,,31.9,23.1,,19.0,15.1,78.0,0.0,,110.0,17.0,,1014.0,,2.0
2025-01-30 15:00:00,362.0,59.2,,26.9,19.6,,19.0,15.1,78.0,0.0,,110.0,17.0,,1014.0,,2.0
2025-01-30 16:00:00,298.0,46.3,,25.2,18.4,,19.0,15.1,78.0,0.0,,130.0,13.0,,1014.0,,2.0
2025-01-30 17:00:00,196.0,46.1,,23.5,17.2,,19.0,16.0,83.0,0.0,,120.0,15.0,,1014.0,,2.0
2025-01-30 18:00:00,176.0,45.7,,23.7,17.4,,18.0,16.0,88.0,0.0,,120.0,11.0,,1014.0,,3.0
2025-01-30 19:00:00,169.0,43.0,,24.7,18.1,,18.0,17.0,94.0,0.0,,120.0,9.0,,1013.0,,5.0
2025-01-30 20:00:00,112.0,37.3,,21.9,16.1,,18.0,17.0,94.0,0.0,,120.0,9.0,,1013.0,,5.0
2025-01-30 21:00:00,98.2,32.9,,22.6,16.6,,18.0,17.0,94.0,0.0,,110.0,7.0,,1013.0,,2.0
2025-01-30 22:00:00,103.0,31.8,,25.3,18.5,,18.0,17.0,94.0,0.0,,110.0,9.0,,1013.0,,2.0
2025-01-30 23:00:00,130.0,37.2,,26.8,19.5,,18.0,16.0,88.0,0.0,,120.0,13.0,,1013.0,,3.0
2025-01-31 00:00:00,221.0,45.7,,26.3,19.2,,18.0,16.0,88.0,0.0,,120.0,13.0,,1014.0,,3.0
2025-01-31 01:00:00,325.0,48.9,,28.6,20.8,,19.0,17.0,88.0,0.0,,130.0,13.0,,1015.0,,3.0
2025-01-31 02:00:00,449.0,53.4,,36.1,26.0,,19.0,17.0,88.0,0.0,,130.0,11.0,,1016.0,,3.0
2025-01-31 03:00:00,547.0,62.2,,39.2,28.1,,20.0,17.0,83.0,0.0,,130.0,11.0,,1015.0,,2.0
2025-01-31 04:00:00,524.0,57.6,,43.7,31.7,,21.0,17.0,78.0,0.0,,130.0,11.0,,1015.0,,2.0
2025-01-31 05:00:00,410.0,55.1,,34.3,25.1,,23.0,17.0,69.0,0.0,,150.0,15.0,,1013.0,,2.0
2025-01-31 06:00:00,372.0,51.5,,27.0,19.8,,23.0,17.0,69.0,0.0,,160.0,17.0,,1013.0,,2.0
2025-01-31 07:00:00,488.0,59.8,,26.8,20.5,,24.0,16.0,61.0,0.0,,170.0,20.0,,1010.0,,3.0
2025-01-31 08:00:00,538.0,63.2,,28.8,21.2,,25.0,15.9,57.0,0.0,,160.0,19.0,,1009.0,,3.0
2025-01-31 09:00:00,619.0,58.8,,23.9,17.9,,24.0,16.0,61.0,0.0,,150.0,19.0,,1009.0,,3.0
2025-01-31 10:00:00,639.0,62.6,,20.4,14.5,,23.0,17.0,69.0,0.0,,120.0,20.0,,1009.0,,3.0
2025-01-31 11:00:00,663.0,69.3,,21.5,15.0,,22.0,16.9,73.0,0.0,,120.0,17.0,,1010.0,,3.0
2025-01-31 12:00:00,624.0,66.5,,17.0,12.7,,21.0,17.0,78.0,0.0,,120.0,17.0,,1011.0,,2.0
2025-01-31 13:00:00,623.0,67.6,,19.5,14.4,,21.0,17.0,78.0,0.0,,120.0,15.0,,1011.0,,2.0
2025-01-31 14:00:00,486.0,60.4,,19.6,14.5,,20.0,17.0,83.0,0.0,,120.0,13.0,,1011.0,,2.0
2025-01-31 15:00:00,586.0,56.4,,28.8,20.9,,19.0,17.0,88.0,0.0,,110.0,11.0,,1012.0,,2.0
2025-01-31 16:00:00,466.0,42.1,,33.7,24.3,,20.0,18.0,88.0,0.0,,110.0,11.0,,1012.0,,2.0
2025-01-31 17:00:00,,,,,,,19.0,18.0,94.0,0.0,,110.0,11.0,,1012.0,,2.0
2025-01-31 18:00:00,,,,,,,18.0,17.0,94.0,0.0,,110.0,7.0,,1012.0,,3.0
2025-01-31 19:00:00,,,,,,,19.0,18.0,94.0,0.0,,90.0,9.0,,1011.0,,3.0
2025-01-31 20:00:00,,,,,,,19.0,18.0,94.0,0.0,,130.0,6.0,,1011.0,,3.0
2025-01-31 21:00:00,,,,,,,19.0,18.0,94.0,0.0,,130.0,6.0,,1011.0,,5.0
2025-01-31 22:00:00,,,,,,,19.0,18.0,94.0,0.2,,140.0,9.0,,1011.0,,5.0
2025-01-31 23:00:00,,,,,,,19.0,18.0,94.0,0.3,,120.0,7.0,,1012.0,,5.0
2025-02-01 00:00:00,,,,,,,19.0,18.0,94.0,0.4,,110.0,7.0,,1013.0,,3.0
